Structure,Most Acidic pKa,Most Basic pKa
[C@H](COc1cncc2n1c(nn2)c1ccc(cc1)OC(F)F)(c1cc(c(cc1)F)F)NC,7,8.16998
[C@H]1([C@@H](N(C1)C1CC1)c1cc(c(cc1)F)F)Oc1cncc2n1c(nn2)c1ccc(cc1)OC(F)F,7,7.43238
[C@H]1([C@@H](N(C1=O)C1CC1)c1cc(c(cc1)F)F)Oc1cncc2n1c(nn2)c1ccc(cc1)OC(F)F,7,4.17466
[C@H]1([C@H](N(C1)C1CC1)c1ccc(c(c1)F)F)Oc1cncc2nnc(n12)c1ccc(cc1)OC(F)F,7,7.12425
[C@H]1(C(N([C@@H]1c1cc(c(cc1)F)F)C1CC1)=O)Oc1ncc2n(c1)c(nn2)c1ccc(cc1)OC(F)F,7,4.10159
C(COc1cncc2n1c(nn2)c1ccc(cc1)OC(F)F)(c1ccc(c(c1)F)F)(F)C,7,4.38894
C(COc1cncc2n1c(nn2)c1ccc(cc1)OC(F)F)(c1ccc(c(c1)F)F)(O)C,9.04186,4.28343
C(COc1cncc2n1c(nn2)c1ccc(cc1)OC(F)F)(c1ccc(c(c1)F)F)F,7,4.34843
C=1\NC(c2n(/C1/OCCc1cc(c(cc1)F)F)c(nn2)c1ccc(cc1)OC(F)F)=O,8.41098,4.53907
c1(C(NCc2cncc3n2c(nn3)c2ccc(cc2)OC(F)F)=O)cc(ccc1)Cl,7,4.64769
C1(CC1)(C(Oc1cncc2n1c(nn2)c1ccc(cc1)OC(F)F)C(F)(F)F)c1ccc(c(c1)F)F,7,4.18131
c1(ccc2n(n1)c(nn2)c1ccc(cc1)C#N)NCCc1cnccc1,11.2572,5.04869
c1(ccc2n(n1)c(nn2)c1ccc(cc1)OC(F)F)NCCc1ccc(cc1)F,10.5234,4.75356
c1(ccc2n(n1)c(nn2)c1ccc(cc1)OC(F)F)OCCc1cc(c(cc1)F)F,7,4.53136
c1(ccccc1)CCCC1CNCc2n1c(nn2)c1ccc(cc1)OC(F)F,7,7.95844
c1(CCN2CCOCC2)cncc2n1c(nn2)c1ccc(cc1)OC(F)F,7,7.44563
C1(CN(C1)c1cc(c(cc1)F)F)Oc1cncc2n1c(nn2)c1ccc(cc1)OC(F)F,7,5.6487
C1(COC1)(COc1cncc2n1c(nn2)c1ccc(cc1)OC(F)F)c1cc(c(cc1)F)F,7,4.33565
c1(ncc2n(c1)c(nn2)c1ccc(cc1)OC(F)F)Nc1ccc(c(c1)F)F,9.53358,4.33158
c1(ncc2n(c1)c(nn2)c1ccc(cc1)OC(F)F)NCc1cc(c(cc1)F)F,10.5591,4.37365
c1(ncc2n(c1)c(nn2)c1ccc(cc1)OC(F)F)Oc1ccc(c(c1)F)F,7,4.07299
c1(ncc2n(c1)c(nn2)c1ccc(cc1)OC(F)F)OCc1cc(c(cc1)F)F,7,4.21133
c1(ncc2n(c1)c(nn2)c1ccc(cc1)OC(F)F)OCCc1cc(c(cc1)F)F,7,4.36534
FC(F)OC1=CC=C(C=C1)C2=NN=C3C=[N](=O)C=C(OCCC4=CC=C(F)C(=C4)F)[N]23,7,4.39142
C12=NN=C(C3=CC(C=CC=C4)=C4C=C3)N1C(OCC5=NC=CC=C5)=CN=C2,7,4.91423
C12=NN=C(C3=CC(C=CC=C4)=C4C=C3)N1C(OCCC5=CC=CC=C5)=CN=C2,7,4.86201
C12=NN=C(C3=CC(OCO4)=C4C=C3)N1C(OCC5=NC=CC=C5)=CN=C2,7,4.69278
C12=NN=C(C3=CC(OCO4)=C4C=C3)N1C(OCCC5=CC=CC=C5)=CN=C2,7,4.54717
C12=NN=C(C3=CC=CC=C3)N1C(OCCC4=CC=CC=C4)=CN=C2,7,4.68688
c1c(c(ccc1Cl)Cl)CNC(c1cncc2n1c(nn2)c1ccc(cc1)OC(F)F)=O,7,4.22218
c1c(ccc(c1F)F)CNC(c1cncc2n1c(nn2)c1ccc(cc1)OC(F)F)=O,7,4.22771
c1cc(cc2c1n(cc2)C)Oc1cncc2n1c(nn2)c1ccc(cc1)OC(F)F,7,4.94629
C1N(Cc2n(C1)c(nn2)c1ccc(cc1)OC(F)F)C(CN)=O,7,7.45805
c1nc(c2n(c1OCCc1cc(c(cc1)F)F)c(nn2)c1ccc(cc1)OC(F)F)C,7,4.46247
c1nc(c2n(c1OCCc1cc(c(cc1)F)F)c(nn2)c1ccc(cc1)OC(F)F)Cl,7,4.10913
c1nc(c2n(c1OCCc1cc(c(cc1)F)F)c(nn2)c1ccc(cc1)OC(F)F)N,8.33637,4.45539
c1nc(c2n(c1OCCc1cc(c(cc1)F)F)c(nn2)c1ccc(cc1)OC(F)F)N(CC)CC,7,4.45057
c1ncc2cnc(n2c1OCCc1cc(c(cc1)F)F)c1ccc(cc1)Cl,7,3.58509
C1NCc2n(C1)c(nn2)c1ccc(cc1)OC(F)F,7,7.88553
c1ncc2n(c1C(=O)N(Cc1cc(ccc1)Cl)C)c(nn2)c1ccc(cc1)OC(F)F,7,4.27574
c1ncc2n(c1C(=O)N[C@@H](c1ccccc1)C)c(nn2)c1ccc(cc1)OC(F)F,7,4.24897
c1ncc2n(c1C(=O)N[C@H](c1ccccc1)C)c(nn2)c1ccc(cc1)OC(F)F,7,4.23655
c1ncc2n(c1C(=O)N1CCc3c1ccc(c3)F)c(nn2)c1ccc(cc1)OC(F)F,7,4.40889
c1ncc2n(c1C(=O)Nc1ccc(cc1Cl)F)c(nn2)c1ccc(cc1)OC(F)F,7.89916,4.15677
c1ncc2n(c1C(=O)NC1CCc3c1ccc(c3)Cl)c(nn2)c1ccc(cc1)OC(F)F,7,4.30139
c1ncc2n(c1C(=O)Nc1ccnc(c1)C(F)(F)F)c(nn2)c1c(nn(c1C)c1ccc(cc1)F)C,8.41537,6.15269
c1ncc2n(c1C(=O)NCCc1ccccc1)c(nn2)c1ccc(cc1)OC(F)F,7,4.20117
c1ncc2n(c1C(N1C(CCC1)c1ccccc1)=O)c(nn2)c1ccc(cc1)OC(F)F,7,4.17613
c1ncc2n(c1C(N1CCCC1)=O)c(nn2)c1ccc(cc1)OC(F)F,7,4.15963
c1ncc2n(c1C(N1CCN(CC1)c1ncccc1)=O)c(nn2)c1ccc(cc1)OC(F)F,7,6.10641
c1ncc2n(c1C(N1CCN(CC1)S(=O)(C)=O)=O)c(nn2)c1ccc(cc1)OC(F)F,7,4.18774
c1ncc2n(c1C(N1CCOCC1)=O)c(nn2)c1ccc(cc1)OC(F)F,7,4.08791
c1ncc2n(c1C(Nc1ncccc1)=O)c(nn2)c1ccc(cc1)OC(F)F,8.6473,4.26222
c1ncc2n(c1C(NCc1cc(ccc1)Cl)=O)c(nn2)c1ccc(cc1)OC(F)F,7,4.19431
c1ncc2n(c1C(NCc1ccc(cc1)Cl)=O)c(nn2)c1ccc(cc1)OC(F)F,7,4.19753
c1ncc2n(c1C(NCc1ccccc1Cl)=O)c(nn2)c1ccc(cc1)OC(F)F,7,4.19243
c1ncc2n(c1C(NCC1CCOCC1)=O)c(nn2)c1ccc(cc1)OC(F)F,7,4.06461
c1ncc2n(c1C(NCCN1CCOCC1)=O)c(nn2)c1ccc(cc1)OC(F)F,7,7.77338
c1ncc2n(c1CCCc1cc(c(cc1)F)F)c(nn2)c1ccc(cc1)OC(F)F,7,4.6708
c1ncc2n(c1CCN1Cc3c(C1)cccc3)c(nn2)c1ccc(cc1)OC(F)F,7,8.07316
C1NCc2n(C1CCO)c(nn2)c1ccc(cc1)OC(F)F,12.7664,8.07927
c1ncc2n(c1CCO)c(nn2)c1ccc(cc1)OC(F)F,12.3819,4.47306
c1ncc2n(c1N[C@H](c1cc(c(cc1)F)F)CO)c(nn2)c1ccc(cc1)OC(F)F,9.54585,5.3474
c1ncc2n(c1N1CCC(C1)c1ccccc1)c(nn2)c1ccc(cc1)OC(F)F,7,4.85605
c1ncc2n(c1n1ccnc1Cc1cc(c(cc1)F)F)c(nn2)c1ccc(cc1)OC(F)F,7,5.54339
c1ncc2n(c1n1ncc(c1)c1cc(c(cc1)F)F)c(nn2)c1ccc(cc1)OC(F)F,7,5.11785
c1ncc2n(c1Nc1ccc(c(c1)Cl)Cl)c(nn2)c1ccc(cc1)OC(F)F,9.48153,4.92332
c1ncc2n(c1OC[C@@H](c1cc(c(cc1)F)F)N)c(nn2)c1ccc(cc1)OC(F)F,7,7.85424
c1ncc2n(c1Oc1cc(c(cc1)Cl)C(F)(F)F)c(nn2)c1ccc(cc1)OC(F)F,7,4.27878
c1ncc2n(c1Oc1cc(c(cc1)Cl)Cl)c(nn2)c1ccc(cc1)OC(F)F,7,4.28115
c1ncc2n(c1Oc1cc3c(cc1)ccc(n3)C(F)(F)F)c(nn2)c1ccc(cc1)OC(F)F,7,4.22137
c1ncc2n(c1Oc1cc3c(cc1)cccc3)c(nn2)c1ccc(cc1)OC(F)F,7,4.58959
c1ncc2n(c1Oc1cc3c(cc1)CCCC3)c(nn2)c1ccc(cc1)OC(F)F,7,4.41287
c1ncc2n(c1Oc1cc3nc(ccc3cc1)OC)c(nn2)c1ccc(cc1)OC(F)F,7,4.52049
c1ncc2n(c1Oc1ccc(c(c1)Cl)Cl)c(nn2)c1c(n(nc1C)c1ccc(cc1)F)C,7,6.54611
c1ncc2n(c1Oc1ccc(cc1)C(C)(C)C)c(nn2)c1ccc(cc1)OC(F)F,7,4.52997
c1ncc2n(c1Oc1ccc(cc1)C(F)(F)F)c(nn2)c1ccc(cc1)OC(F)F,7,4.29272
c1ncc2n(c1Oc1ccc(cc1)Cl)c(nn2)c1ccc(cc1)OC(F)F,7,4.35007
c1ncc2n(c1Oc1ccc(cc1)S(F)(F)(F)(F)F)c(nn2)c1ccc(cc1)OC(F)F,Error,Error
c1ncc2n(c1Oc1ccc/3c(c1)OC(/C=C3/C)(C)C)c(nn2)c1ccc(cc1)OC(F)F,7,4.95821
c1ncc2n(c1Oc1ccc3c(c1)cc(c(c3)F)F)c(nn2)c1ccc(cc1)OC(F)F,7,4.47685
c1ncc2n(c1Oc1ccc3c(c1)cc(cc3F)F)c(nn2)c1ccc(cc1)OC(F)F,7,4.51937
c1ncc2n(c1Oc1ccc3c(c1)cnc(n3)C(F)(F)F)c(nn2)c1ccc(cc1)OC(F)F,7,4.43125
c1ncc2n(c1Oc1ccc3c(c1)n(nc3)C)c(nn2)c1ccc(cc1)OC(F)F,7,6.15891
c1ncc2n(c1Oc1ccc3c(c1)nn(c3)C)c(nn2)c1ccc(cc1)OC(F)F,7,5.93287
c1ncc2n(c1Oc1ccc3c(c1)onc3C)c(nn2)c1ccc(cc1)OC(F)F,7,6.09204
c1ncc2n(c1Oc1ccc3c(c1)scc3)c(nn2)c1ccc(cc1)OC(F)F,7,4.84243
c1ncc2n(c1Oc1cccc(c1)Cl)c(nn2)c1ccc(cc1)OC(F)F,7,4.35315
c1ncc2n(c1Oc1cccc(c1)Oc1ccccn1)c(nn2)c1ccc(cc1)OC(F)F,7,4.30917
c1ncc2n(c1OCC(c1cc(c(cc1)F)F)CO)c(nn2)c1ccc(cc1)OC(F)F,10.9191,4.54134
c1ncc2n(c1OCC(c1cc(c(cc1)F)F)N1CCOCC1)c(nn2)c1ccc(cc1)OC(F)F,7,7.44147
c1ncc2n(c1OCC(F)(F)F)c(nn2)c1c(n(nc1C)c1ccc(cc1)F)C,7,6.45035
c1ncc2n(c1OCC1CCc3c1ccc(c3)Cl)c(nn2)c1ccc(cc1)OC(F)F,7,4.51843
c1ncc2n(c1OCCc1cc(c(cc1)F)F)c(cn2)c1ccc(cc1)Cl,7,4.20599
c1ncc2n(c1OCCc1cc(c(cc1)F)F)c(nn2)C1CCN(CC1)C(C)=O,7,4.74723
c1ncc2n(c1OCCc1cc(c(cc1)F)F)c(nn2)C1CCOCC1,7,4.79412
c1ncc2n(c1OCCc1cc(c(cc1)F)F)c(nn2)N1Cc2c(C1)cccc2,7,4.69579
c1ncc2n(c1OCCc1cc(c(cc1)F)F)c(nn2)N1CCCCC1,7,4.70169
c1ncc2n(c1OCCc1cc(c(cc1)F)F)c(nn2)Nc1cc(c(cc1)F)F,9.84625,4.28293
c1ncc2nnc(n2c1C(Nc1ccc(c(c1)F)F)=O)c1ccc(cc1)OC(F)F,7.58211,4.16736
c1ncc2nnc(n2c1C(Nc1ccc(cc1)F)=O)c1ccc(cc1)OC(F)F,9.86757,4.37473
c1ncc2nnc(n2c1OCc1cccc2c1cccc2)c1ccc(cc1)OC(F)F,7,4.72497
c1ncc2nnc(n2c1OCCc1ccc(c(c1)F)F)N1CCc2c1ccc(c2)F,7,4.6669
CC(N1C2=CC(F)=CC=C2)=CC(/C=C(C(N/3C4=CC=CC=C4)=O)\SC3=N/C5=CC=CC=C5)=C1C,7,4.28879
CC(N1C2=CC=C(C(F)(F)F)C=C2)=C(/C=C(C(N/3C4CCCC4)=O)\SC3=N/C5=CC=CC=C5)C=C1C,7,5.26099
CC(N1C2=CC=C(C(F)(F)F)C=C2)=C(/C=C(C(N/3CC#N)=O)\SC3=N/C4=CC=CC=C4)C=C1C,7,4.25569
CC(N1C2=CC=C(C(F)(F)F)C=C2)=C(/C=C3SC(N(CC#N)C4=CC=CC=C4)=NC\3=O)C=C1C,7,6.57273
CC(N1C2=CC=C(C(F)(F)F)C=C2)=CC(/C=C(C(N/3C4=CC=CC=C4)=O)\SC3=N/C5=CC=CC=C5)=C1C,7,2.62461
CC(N1C2=CC=C(C(F)(F)F)C=C2)=CC(C(O)=O)=C1C,5.39466,7
CC(N1C2=CC=C(F)C=C2)=C(C(CCC(N)=O)=O)C=C1C,7,7
CC(N1C2=CC=C(F)C=C2)=C(C(OC(C)C(N)=O)=O)C=C1C,7,7
CC(N1C2=CC=C(F)C=C2)=CC(C(NCC(N)=O)=O)=C1C,7,7
CC(N1C2=CC=C(F)C=C2)=CC(C(OCC(NC(C3=O)=C(N(N3C4=CC=CC=C4)C)C)=O)=O)=C1C,9.674,7
CC(N1C2=CC=CC=C2)=CC(C(O)=O)=C1C,4.41729,7
CC(N1C2=CC=CC=C2)=CC(C=O)=C1C,7,7
CC1=C(/C=C2S/C(NC\2=O)=N\C3=CC=CC=C3)C=C(C)N1C4=CC(C(F)(F)F)=CC(C(F)(F)F)=C4,6.33736,4.90673
CC1=C(/C=C2S/C(NC\2=O)=N\C3=CC=CC=C3)C=C(C)N1C4=CC=C(C)C=C4,10.1055,4.39622
CC1=CC(/C=C(C(N/2)=O)\SC2=N/C3=CC=CC=C3)=C(C)N1C(C=C4)=CC=C4C(F)(F)F,7.9514,4.92647
CC1=CC(/C=C(S/2)/C(NC2=N\C3=CC=CC=C3)=O)=C(C)N1C4=CC=C(N)C=C4,10.205,4.73694
CC1=CC(=C(C)[N]1C2=CC=C(C=C2)Br)C(N(C)CC(=NC)O)=O,8.90513,7.80422
CC1=CC(=C(C)[N]1C2=CC=C(C=C2)Cl)CNC3CCN(CC3)CC(=NC)O,8.78618,8.82605
CC1=CC(=C(C)[N]1C2=CC=C(C=C2)F)C(=O)OCC(=NC)O,3.77166,8.19876
CC1=CC(=C(C)[N]1C2=CC=C(C=C2)F)C(=O)OCC(N(C)C)=O,7,7
CC1=CC(=C(C)[N]1C2=CC=CC=C2)C(=NCC(N(C)C)=O)O,3.23976,9.38138
CC1=CC(=C(C)[N]1C2=CC=CC=C2)C(N3CCN=C(C3)O)=O,8.03846,7.99082
CC1=CC(=C(C)[N]1C2=CC=CC=C2)C3=NN=C(O3)SCC(=NC4=CC(=CC=C4)OC)O,7.4738,5.17378
CC1=CC(=CC=C1)[N]2C(=CC(=C2C)C(N(C)CC(N=C3C=C(C)ON3)=O)=O)C,9.00605,4.90793
CC1=CC(C=O)=C(C)N1C1=CC=C(F)C=C1,7,7
CC1=CC=C(N2C(C)=C(C(O)=O)C=C2C)C=C1,4.41965,7
CC1=CC=C(N2C(C)=C(C=O)C=C2C)C=C1,7,7
CCC1=CC=C(C=C1)[N]2C(=CC(=C2C)CN3CCC(CC3)C(=O)O)C,3.20727,9.86847
CCN(CC(=NC1=C(C=CC=C1F)F)O)C(C2=C(C)[N](C(=C2)C)C3=CC=C(C=C3)F)=O,6.67397,5.60662
CCN=C([C@@H]1C[C@H](CN1CC2=C(C)[N](C(=C2)C)C3=CC=CC=C3Cl)N)O,7.16602,9.25744
CCOC(C1=C(C)N(C2=CC=C(C=C2)C)C(C)=C1)=O,7,7
CCOC(C1=CC=C(N2C(C)=CC(/C=C(C(N/3)=O)\SC3=N/C4=CC=CC=C4)=C2C)C=C1)=O,8.83373,4.83826
ClC(C=C1)=C(Cl)C=C1C2=NN=C3C=NC=C(OCCC4=CC=CC=C4)N32,7,4.42753
ClC(C=C1)=CC=C1C2=NN=C3C=NC=C(OCC4=CC=C(F)C(F)=C4)N32,7,4.27739
ClC(C=CC=C1)=C1C2=NN=C3N2C(OCCC4=CC=CC=C4)=CN=C3,7,4.81782
ClC(C=CC=C1)=C1CCOC2=CC=CC3=NN=C(C4=CC=C(C#N)C=C4)N32,7,4.98255
ClC1=CC=CC(C(NC2=CC(C(F)(F)F)=NC=C2)=O)=N1,8.99034,4.42228
ClC1=CC=CC(C2=NN=C3C=NC=C(OCCC4=CC=CC=C4)N32)=C1Cl,7,4.75948
ClC1=CC=CC(C2=NN=C3N2C(OCCC4=CC=CC=C4)=CN=C3)=C1,7,4.59691
ClC1=CC=CC(N/N=C/C2=CC=C(C#N)C=C2)=N1,10.5511,5.3553
ClC1=CC=CC=C1CCOC2=CN=CC3=NN=C(C4=CC=NC=C4)N32,7,4.51208
ClC1=CC=CC2=NN=C(C3=CC=C(C#N)C=C3)N21,7,4.59136
FC(C(F)=C1)=CC=C1CCOC2=CC=CC3=NN=C(C4=CC=C(C#N)C=C4)N32,7,4.91429
FC(C=C1)=C(F)C=C1[C@@H](OC(F)F)COC2=CN=CC3=NN=C(C4=CC=C(C#N)C=C4)N32,7,4.49995
FC(C=C1)=C(F)C=C1C2=NN=C3C=NC=C(OCCC4=CC=CC=C4)N32,7,4.38048
FC(C=C1)=CC=C1C2=NN=C3C=NC=C(OCCC4=CC=CC=C4)N32,7,4.46473
FC(C=C1)=CC=C1N2C(C)=C(C(N(C)C)=O)C=C2C,7,7
FC(C=C1)=CC=C1N2C(C)=C(C(N(C)CC(N)=O)=O)C=C2C,7,7
FC(C=C1)=CC=C1N2C(C)=C(C(NC(CO)C(OC)=O)=O)C=C2C,11.0586,7
FC(C=C1)=CC=C1N2C(C)=C(C(OC(C)(C)C(N)=O)=O)C=C2C,7,7
FC(C=C1)=CC=C1N2C(C)=C(C3=NC(C(OC)=O)=CO3)C=C2C,7,5.9493
FC(C=C1)=CC=C1N2C(C)=C(CN(C)CC(N)=O)C=C2C,7,8.20507
FC(C=C1)=CC=C1N2C(C)=C(CN3CCCC3)C=C2C,7,9.6816
FC(C=C1)=CC=C1N2C(C)=C(CNCC(N)=O)C=C2C,7,8.61011
FC(C=C1)=CC=C1N2C(C)=CC(CNC3CCN(CC4=CC=CC=C4)CC3)=C2C,7,9.52617
FC(C=C1)=CC=C1N2C=C(C(OCC(N)=O)=O)C=N2,7,5.43814
FC(F)OC(C=C1)=CC=C1C2=NN=C3C=NC=C(OC(C)C4=CC=C(Cl)C(Cl)=C4)N32,7,4.47605
FC(F)OC(C=C1)=CC=C1C2=NN=C3C=NC=C(OC[C@H](NC)C4=CC=CC=C4)N32,7,8.0405
FC(F)OC(C=C1)=CC=C1C2=NN=C3C=NC=C(OCC4=CC=C(Cl)C(Cl)=C4)N32,7,4.40769
FC(F)OC(C=C1)=CC=C1C2=NN=C3C=NC=C(OCC4=CC=C(Cl)C=C4)N32,7,4.29212
FC(F)Oc1ccc(cc1)c2nnc3cncc(OC)n23,7,4.30529
FC(F)Oc1ccc(cc1)c3nnc4cncc(OCC(N)c2ccccc2)n34,7,8.1624
FC(OC(C=C1)=CC=C1C2=NN=C3N2C(OCC4=NC=CC=C4)=CN=C3)F,7,4.57872
FC1=C(F)C=CC(CCOC2=CN=CC3=NN=C(C4=CC=C(OC(F)F)C=C4)N32)=C1,7,4.36271
FC1=CC(C2=NN=C3N2C(OCC4=NC=CC=C4)=CN=C3)=CC(F)=C1,7,4.3642
FC1=CC(C2=NN=C3N2C(OCCC4=CC=CC=C4)=CN=C3)=CC(F)=C1,7,4.41097
FC1=CC=C(C=C1)N2C(C)=CC(/C=C(SC(N(C3=CC=CC=C3)C(C)=O)=N4)/C4=O)=C2C,7,6.11427
FC1=CC=C(N2C(C)=C(S(N(CC(N)=O)C)(=O)=O)C(S(N(C)CC(N)=O)(=O)=O)=C2C)C=C1,7,7
FC1=CC=C(N2C(C)=CC(/C=C3S/C(NC\3=O)=N\C4=CC=CC=C4)=C2C)C=C1,9.60574,4.43293
FC1=CC=C(N2C(C)=CC(C(CCC(N(C)C)=O)=O)=C2C)C=C1,7,7
FC1=CC=C(N2C(C)=CC(C(CCC(NC)=O)=O)=C2C)C=C1,7,7
FC1=CC=C(N2C(C)=CC(C(CCC(O)=O)=O)=C2C)C=C1,4.26513,7
FC1=CC=C(N2C(C)=CC(C(N(C(NC3CCCCC3)=O)C4CCCCC4)=O)=C2C)C=C1,7,7
FC1=CC=C(N2C(C)=CC(C(NC3=C(C)N(C)N(C4=CC=CC=C4)C3=O)=O)=C2C)C=C1,10.8892,7
FC1=CC=C(N2C(C)=CC(C(NCC(NC3=C(C)N(C)N(C4=CC=CC=C4)C3=O)=O)=O)=C2C)C=C1,9.84954,7
FC1=CC=C(N2C(C)=CC(C(OC(C)C(O)=O)=O)=C2C)C=C1,4.41594,7
FC1=CC=C(N2C(C)=CC(C(OC(C)C(OCC)=O)=O)=C2C)C=C1,7,7
FC1=CC=C(N2C(C)=CC(C3=NC(C(O)=O)=CO3)=C2C)C=C1,4.27452,7.603
FC1=CC=C(N2C(C)=CC(S(N(C)CC(N)=O)(=O)=O)=C2C)C=C1,7,7
FC1=CC=C(N2C(C)=CC(S(NCC(N)=O)(=O)=O)=C2C)C=C1,7,7
FC1=CC=C(N2N=CC(C3=NC(C(N)=O)=CO3)=C2C)C=C1,7,5.88344
FC1=CC=C(N2N=CC(C3=NC(C(O)=O)=CO3)=C2C)C=C1,3.88704,8.78289
FC1=CC=C(N2N=CC(C3=NC(C(OC)=O)=CO3)=C2C)C=C1,7,5.91479
FC1=CC=C(N2N=NC(COC(CBr)=O)=C2)C=C1,7,5.17942
FC1=CC=C(N2N=NC(COCC(N)=O)=C2)C=C1,7,5.25303
FC1=CC=C(N2N=NC(COCC(OC)=O)=C2)C=C1,7,5.24505
FC1=CC=C(N2N=NC(COCC(OCC)=O)=C2)C=C1,7,5.24729
FC1=CC=C(N2N=NC(COCC(OCC3=CN(C4=CC=C(F)C=C4)N=N3)=O)=C2)C=C1,7,6.16234
N#CC(C=C1)=CC=C1C2=NN=C3C=CC=C(OCCC4=CC=CC=C4)N32,7,4.97035
N#CC(C=C1)=CC=C1C2=NN=C3N2C(OCC(OC)C4=CC=CC=C4)=CN=C3,7,4.51316
N(c1cncc2n1c(nn2)c1ccc(cc1)OC(F)F)S(Cc1ccc(cc1)C(F)(F)F)(=O)=O,4.03734,7.39894
N1(CC(C1)c1ccccc1)c1cncc2n1c(nn2)c1ccc(cc1)OC(F)F,7,4.9683
N1(CC(C1)Oc1cc(c(cc1)F)F)c1cncc2n1c(nn2)c1ccc(cc1)OC(F)F,7,5.11123
O=C(/C(S/1)=C/C2=C(C)N(C(C)=C2)C3=CC(OC)=CC=C3)NC1=N\C4=CC=CC=C4,9.86324,4.53823
O=C(/C(S/1)=C/C2=C(C)N(C(C)=C2)C3=CC=C(C#N)C=C3)NC1=N\C4=CC=CC=C4,9.76148,4.27954
O=C(/C(S/1)=C/C2=C(C)N(C(C)=C2)C3=CC=C(I)C=C3)NC1=N\C4=CC=CC=C4,9.98614,4.22681
O=C(/C(S/1)=C/C2=C(C)N(C(C)=C2)C3=CC=C(S(=O)(N)=O)C=C3)NC1=N\C4=CC=CC=C4,8.96995,4.71097
CC1=CC(=C(C)[N]1C2=CC=C(C=C2)[N](=O)=O)/C=C/3SC(NC3=O)=NC4=CC(=CC=C4)O,4.95735,3.77802
CC1=CC(=C(C)[N]1C2=CC=C(C=C2)[N](=O)=O)/C=C/3SC(NC3=O)=NC4=CC=CC=C4,9.37868,4.46752
O=C(/C(S/1)=C/C2=C(C)N(C3=CC=C(OC)C=C3)C(C)=C2)NC1=N\C4=CC(O)=CC=C4,4.82228,4.32796
O=C(/C(S/1)=C/C2=C(C)N(C3=CC=CC=C3)C(C)=C2)NC1=N\C4=CC(O)=CC=C4,4.97771,4.49248
O=C(/C(S/1)=C/C2=C(C)N(C3=CC=CC=C3)C(C)=C2)NC1=N\C4=CC=C(O)C=C4,8.05619,4.08465
O=C(/C(S/1)=C/C2=C(C)N(C3=CC=CC=N3)C(C)=C2)NC1=N\C4=CC=C(O)C=C4,8.06489,5.09742
O=C(/C(S/1)=C/C2=C(C)NC(C)=C2)NC1=N\C3=CC=CC=C3,8.38084,4.14079
O=C(C1=C(C)N(C2=CC=C(C(F)(F)F)C=C2)C(C)=C1)OCC,7,7
O=C(C1=C(C)N(C2=CC=C(F)C=C2)C(C)=C1)OCC,7,7
O=C(C1=C(C)N(C2=CC=CC=C2)C(C)=C1)OCC,7,7
O=C(N/C1=N/C2=CC=CC=C2)/C(S1)=C/C3=CC=CC=C3,10.1157,3.00312
O=C(N=C(S/1)N(C(C)=O)C2=CC=CC=C2)C1=C\C3=C(C)N(C4=CC=C(C=C4)C(F)(F)F)C(C)=C3,7,6.58057
O=C(N=C(S/1)N(C2=CC=CC=C2)C(C)=O)C1=C\C3=C(C)N(C4=CC=C(C)C=C4)C(C)=C3,7,5.91165
O=C(N=C(S/1)N(C2=CC=CC=C2)C(C)=O)C1=C\C3=C(C)N(C4=CC=CC=C4)C(C)=C3,7,5.80966
O=C(NC1=C(C)C(Cl)=CC=C1)C2=CN=CC(N23)=NN=C3C4=CC=C(OC)C=C4,9.9146,4.2499
O=C(NC1=C(C)N(C)N(C2=CC=CC=C2)C1=O)CNC(C3=CC=CC=C3)=O,10.6401,7
O=C(NC1=C(F)C(Cl)=CC=C1)C2=CN=CC(N23)=NN=C3C4=CC=C(OC)C=C4,9.4783,4.14682
O=C(NC1=CC(Cl)=CC=C1)C2=CN=CC(N23)=NN=C3C4=CN=CC=C4,11.3558,4.37979
O=C(NC1=CC(Cl)=CC=C1)C2=CN=CC(N23)=NN=C3C4=NC=CC=C4,11.2459,4.44814
O=C(NC1=CC(Cl)=CC=C1C)C2=CN=CC(N23)=NN=C3C4=CC=C(OC)C=C4,9.90255,4.28305
O=C(NC1=CC=NC(C(F)(F)F)=C1)C2=CC=CC(N/N=C/C3=CC=C(C#N)C=C3)=N2,8.03222,5.09522
O=C(NC1=CC=NC(C(F)(F)F)=C1)C2=CC=CC3=NN=C(C4=CC=C(C#N)C=C4)N32,8.47419,4.06001
O=C(OCC(N)=O)C1=C(C)N(N=C1)C2=CC=CC=C2,7,5.65885
OC(COc1cncc2nnc(CC)n12)c3ccccc3,12.0077,4.90752
OC(COc2cncc3nnc(C1CCCCC1)n23)c4ccccc4,11.9569,4.94341
OC(COc2cncc3nnc(c1ccccc1)n23)c4ccccc4,12.3276,4.71536
Brc1ccc2NC(=O)C3(NCCc4c3[nH]c5ccccc45)c2c1,9.6091,6.05648
c([nH]nc1c2c(O)cc(C)c(Cl)c2)(C3=O)c1C(c4ccccc4F)N3CCc(cc5)ccc5OC,5.89272,6.63539
C(C1CC1)N2Cc3ccccc3OC4(CCN(Cc5c[nH]c6cnccc56)CC4)C2,6.61102,8.75403
C(COc1cncc2n1c(nn2)c1cnc(cc1)C(F)(F)F)c1cc(c(cc1)F)F,7,4.43082
C(F)(F)(F)c(cc1)ccc1C(=O)NCC(N2CCCCCC2)c(ccs3)c3,7,7.49158
c(n1)(nc(NNC(=O)c(cc2)ccc2)cc1N(CCC3)C3)N(C4)CCC4,9.96304,6.74888
C(Nc1nn2c(cnc2s1)c3cccs3)C4CCOCC4,11.2828,3.9925
C[C@@]1(O)C[C@@H](C1)c2nc(c3ccc4ccc(nc4c3)c5ccccc5)c6c(N)nccn26,10.7723,4.81601
C[C@@H](C1)N[C@@]2(C(NC3=C2C=C(Cl)C=C3)=O)C4=C1C5=CC(F)=C(Cl)C=C5N4,9.4838,6.44931
C[C@@H](CC1)N[C@@]2(C(NC3=C2C=C(Cl)C=C3)=O)C4=C1C5=CC=CC=C5N4,9.59055,6.10182
C[C@@H](N1CCCC[C@H]1c2ccc(OCc3cccc(F)c3)cc2)C(=O)N,7,8.67771
C1(=NC(N(C)C2=O)=O)C2=NC(=NN1CC)c3ccc(C(=O)OC)cc3,7,4.8301
c1(C#N)nc(Cc2cccc(cccc3)c23)oc1N(CC4)CCN4C(c5ccccc5)c6ccccc6,7,7.84217
c1(C(c(cccn2)c2)N3CCC(CC3)Cc4ccccc4)c(C)c(C)sc1NC(=O)c5ccco5,6.99861,8.53079
c1(C(c2cccs2)N(CCN3c4ccccc4)CC3)c(C)c(C)sc1NC(c5ccccc5)=O,11.7845,7.76931
c1(c(cnn1c2cccc(C)c2)C(=O)N3)N=C3n4nc(C)cc4NC(=O)c5cc(cccc6)c6o5,9.84726,6.12646
c1(C(OCC)=O)c(cc(cc2)OC(=O)c(cc3OC)cc(OC)c3OC)c2n(c4ccccc4)c1C,7,7
c1(cc(C)nc(ccc(OC)c2)c12)Nc3ccccc3O,8.72526,5.97985
c1(cc(c2ccc(C)cc2)n3)n3ccnc1SCC(=O)Nc(c(Cl)ccc4C(F)(F)F)c4,8.16172,5.93103
c1(cc(c2ccc(OC)cc2)n3)n3ccnc1SCC(=O)Nc(c(Cl)ccc4C(F)(F)F)c4,7.81291,5.99696
c1(cc(c2ccccc2)n3)n3ccnc1SCC(=O)Nc(c(Cl)ccc4C(F)(F)F)c4,8.25432,5.87141
c1(ccccc1)CCCc1cncc2n1c(nn2)c1ccc(cc1)OC(F)F,7,4.67734
c1(Cl)c(ccc(Cl)c1)OCC(O)CNC(C)(C)CC(C)(C)C,6.59319,9.1187
C1(N(C)N=O)=C(NC2CCCCC2)C(=O)c(cccc3)c3C1=O,10.6155,4.92727
c1(ncc2n(c1)c(nn2)c1ccc(cc1)OC(F)F)NC(Cc1cccc(c1)Cl)=O,9.4692,4.4188
c1(ncc2n(c1)c(nn2)c1ccc(cc1)OC(F)F)NCCc1ccc(cc1)F,11.0836,4.64729
c1(OCC)c(OC)cc(cc1Cl)CN([H])CC(O)c2ccccc2,6.25234,8.56831
c1(OCC)c(OCC)cc(cc1Cl)CN([H])C(C)C(O)c2ccccc2,6.04678,8.59599
c1(sc(cc2c(c3CC2)c4ccc3)c4n1)NC(=O)c(cc5OC)cc(OC)c5OC,9.59053,4.04829
C12(Nc(cccc3)c3c4n1c5c(cccc5)n4)C(=O)Nc(ccc(OC)c6)c26,10.4661,4.88261
C12=C(c3c(cccc3)C1=O)Nc4c(cccc4)SC2c5ccccc5,11.1295,-2.3651
C12=C(N=CN(CCCN(C)C)C1=N)Oc3c(ccc(cccc4)c34)C2c5ccc(OC)cc5,7,9.64022
C12=C(N=CN(CCCn(ccn3)c3)C1=N)Oc4c(ccc(cccc5)c45)C2c6ccc(OC)c(OC)c6,7,7.66278
C12=CC=CC=C1C3=C(C4(CCN(CC5=CC=CC=C5)CC4)OCC3)N2,7.36622,9.26281
c12c(C(=O)N(C)C(=O)N1C)n(Cc3cccc(OC)c3)c(Oc4ccccc4)n2,7,4.81443
c12c(nc(c3ccc(OC)cc3)nc1N4CCN(C(=O)C5CCCCC5)CC4)sc(CCCC6)c26,7,5.87244
c12c(ncnc1N(CC3)CCN3C)c4c(ccc(Cl)c4)[nH]2,8.18509,8.97021
c12c(ncnc1NCCN(CC)CC)c3c(ccc(Cl)c3)[nH]2,7.95882,9.06676
c1c(c(c(cc1)C(F)(F)F)Cl)CNC(c1cncc2n1c(nn2)c1ccc(cc1)OC(F)F)=O,7,4.11423
C1CCN(CC1)c2cc(nc3ccccc23)c4ccccn4,7,5.33156
c1ncc2n(c1COCc1cc(c(cc1)F)F)c(nn2)c1ccc(cc1)OC(F)F,7,4.79703
c1ncc2n(c1OCC(F)(F)F)c(nn2)c1ccc(cc1)OC(F)F,7,4.13105
CC(=O)Nc1ccc(NC(=O)c2cc([nH]n2)c3cc(Cl)ccc3O)cc1,6.67058,5.66165
CC(C)(C)c1cc(C(=O)N2CCN(CC2)c3nccnc3C#N)n(Cc4ccccc4)n1,7,6.69469
CC(C)(C)c1cc(cc(c1)C(=O)Nc2cccnc2)C(=O)Nc3cccnc3,9.54086,4.75738
CC(C)(C)CN1C(=NC(C1=O)(c2ccccc2)c3ccccc3)N,7.28959,8.07821
CC(C)(CN)c1nc(c2ccc(Cl)c(O)c2)c([nH]1)c3ccnc(N)n3,7.35481,9.13143
CC(C)C(C(=O)Nc1ccc(cc1)S(=O)(=O)N(C)C)c2ccc(Cl)cc2,10.169,7
CC(C)C(NC(=O)Cc1cccc2ccccc12)C(=O)Nc3cccc(c3)C#N,10.7117,7
CC(C)c1ncc(c2ccncc2)c(n1)[C@@H]3CC[C@@H](CNC(=O)c4cccnc4)CC3,7,4.48438
CC(C)CN1CCC(CC1)N(C)c2cc(NC(=O)c3cccc(C)c3)ccn2,8.40595,9.42545
CC(C)CNC1=CC(=NC2=C([NH]N=C12)C3=CC=CC=C3)C,6.51944,5.7985
CC(C)N(Cc1ccccc1)S(=O)(=O)c2ccc(cc2)C(=O)Nc3cc(C)on3,10.5641,7.20308
CC(C)N(Cc1ccccn1)Cc2csc(n2)c3oc(C)cc3,7,7.81163
CC(C)NCC(=O)Nc1cccc(c1)C(=O)Nc2cccc(c2)C(F)(F)F,7.77875,7.92035
CC(N1C2=CC=C(F)C=C2)=C(C(O)=O)C=C1C,4.90628,7
CC(N1CCN(CC1)S(=O)(=O)c2ccc(cc2)C(C)(C)C)C(=O)N3CCCC3,7,6.64852
CC(Nc1cc(Cl)ccc1N2CCOCC2)C(=O)N3CCCC(C)C3,11.6681,6.57766
CC(Nc1nncc(n1)c2ccc(cc2)C(F)(F)F)c3cn(C)nc3C,11.4678,7.1894
CC1(C)Cc2c(CO1)c(nc3snc(Br)c23)N4CCOCC4,7,5.03325
CC1=C(/C=C2S/C(NC\2=O)=N\C3=CC=CC=C3)C=C(C)N1C4=CC=CC=C4,10.1643,4.30263
CC1=C(/C=C2S/C(NC\2=O)=N\C3=CC=CC=C3)C=C(C)N1C4=NC=CC=C4,10.0439,4.71624
CC1=NC2=NC=CN2C(NC3=CC=C(C(F)(F)F)C=C3)=C1,8.43374,5.75274
Cc1cc(C)n(n1)c2ccc(NC(=O)C3CCN(Cc4cnc(C)s4)CC3)cc2,11.5382,7.87677
Cc1cc(C)n2nc(nc2n1)C(=O)Nc3cc(ccc3N4CCOCC4)C(F)(F)F,9.33151,5.75594
Cc1cc(C)nc(n1)n2nc(C)cc2Nc3ccccc3,11.8784,6.78277
Cc1cc(Cl)c(cc1OCC(=O)NC2CCCCC2)S(=O)(=O)N3CCCC3,7,7
Cc1cc(Nc2ccncc2)n3nc(C)c(c4ccccc4Cl)c3n1,10.6816,5.90921
CC1CC1C(=O)NC2CCN(CC3(CCCCC3)c4ccccc4)CC2,7,8.39998
Cc1cc2ccccc2n1CC(=O)N3CC(Oc4ccccc34)C(=O)N5CCCCC5,7,7
CC1=CC=C(C=C1)C2=NC3=CC=C(Br)C=C3C(=C2)C(=O)NC4=CN=CC=C4,11.0409,4.38069
Cc1ccc(cc1)S(=O)(=O)n2cc(c3ccnc(N)c3)c4cc(Br)cnc24,11.4154,6.43232
Cc1ccc(cc1)S(=O)(=O)N2CCN(CC2)C(=O)c3cc([nH]n3)c4ccccc4,6.2517,6.01061
Cc1ccc(NC(=O)c2cc(ccc2C)S(=O)(=O)NC(C)(C)C)nc1,9.91447,4.55056
Cc1ccc(NC(=O)c2nc[nH]c2C(=O)Nc3nc4ccccc4[nH]3)c(C)c1,7.80952,5.65775
Cc1ccc(Oc2ccc(NC(=O)CNc3ccccc3N4CCCC4=O)cc2)cc1,10.0357,4.69598
Cc1ccc2c(NC(=O)C23NN=C(S3)c4ccccc4)c1C,10.5283,4.8647
Cc1ccc2cc(C3NC(=O)c4ccccc4N3)c(Cl)nc2c1,12.1076,2.91412
Cc1cnc(CCNC(=O)c2cc(cs2)c3ccc(Cl)cc3)[nH]1,6.44681,7.2802
Cc1nc([nH]c1C)c2cccc(NCc3ccccc3)c2,7.79243,5.549
Cc1oc(NC(=O)c2cn(nc2c3ccccc3C)c4ccccc4)nn1,11.2793,5.93768
Cc1onc(C)c1C(=O)N2CCCC(C2)c3[nH]c4c(C)cccc4c3c5ccncc5,10.2,6.43269
Cc1onc(c1)C(=O)Nc2ccc(cc2)c3ccccc3,11.5372,5.26692
Cc1onc(c1)C(=O)Nc2cnn(Cc3ccc(Cl)cc3Cl)c2,11.7719,6.12181
CCC(NC(=O)c1ccccc1NC(=O)c2ccc(C)cc2)C(=O)OC,9.51096,7
CCC1=CC(=O)N(C)C(=N1)SC(C)C(=O)Nc2ccc(F)cc2,10.2063,4.15229
CCc1ccc(cc1)C(NCc2nc(N)nc(n2)N(C)C)C(C)C,10.5437,7.20637
CCCn1c(NC(=O)c2ccc3ccccc3n2)nc4ccccc14,10.7266,5.52492
CCCNC(=O)N1CCC2(CC1)CC(=O)c3cc(C)ccc3O2,7,7
CCCS(=O)(=O)N1CCC(CO)(Cc2ccccc2C(F)(F)F)CC1,10.2887,7
CCN(CC)S(=O)(=O)c1ccc(Cl)c(c1)C(=O)Nc2ccc3nc(C)sc3c2,9.94302,3.16326
CCn1cnc2c(Nc3cc(F)cc(F)c3)nc(nc12)C#N,11.4654,3.60378
CCn1ncc2c(NC3CCOCC3)c(CNC(=O)c4ccnn4C)c(C)nc12,12.6302,6.76363
CCNC(=O)C(C)Nc1nc(nc2sc(C)c(C)c12)c3cccnc3,11.533,4.76561
CCOc1ccc(cc1)c2nc(NC(=O)CS(=O)(=O)c3ccccc3)sc2C,8.93533,5.00521
CCOc1ccccc1C(=O)Nc2cccc(c2)c3nc4ncccn4c3C,10.6141,4.8397
CCOc1ccccc1NC(C)C(=O)Nc2cc(ccc2N3CCOCC3)C(F)(F)F,7.06326,5.42825
ClC(C=C1)=CC=C1C2=NN=C3N2C(OCCC4=CC=CC=C4)=CN=C3,7,4.50059
Clc1ccc(cc1)S(=O)(=O)N2CCN(CC2)C(=S)NCc3occc3,9.87907,3.47613
Clc1ccc(cc1)S(=O)(=O)NC(Cc2c[nH]c3ccccc23)C(=O)N4CCCCC4,8.77984,7
Clc1ccc2nc(cc(c2c1)C(=O)NCCN1CCCC1)NCCN1CCOCC1,9.87567,9.54038
Clc1ccc2OCCN(c3ccc(s3)C(=O)NC4CC4)c2c1,7,0.44984
Clc1cccc(c1)C(c2ccc(CN3CCNCC3)cc2)n4ccnc4,7,9.50411
Clc1cccc(c1)c2cnn3ccc(nc23)C(=O)Nc4ccc(cc4)N5CCNCC5,7.99884,9.28212
Clc1cccc(NC(=O)c2cnc(N3CCN(CC3)c4ccncc4)c(Cl)c2)c1,9.93801,6.48321
Clc1ccccc1CSCc2oc(cc2)C(=O)NC3CC3,7,7
CN(C(=O)c1cc2c(cccc2[nH]1)c3cncnc3)c4ccccc4,9.6134,3.35175
CN(C)c1cc(NC(=O)Nc2ccccc2)c3ccccc3n1,10.4103,5.62243
CN(C)CCNC(=O)N1CCCN(CC1)c2ncnc3cc(sc23)c4ccccc4,7,9.29676
CN(C)CCNc1ncnc2c3cc(C)ccc3[nH]c12,7.77445,8.93323
CN(c1ccc(F)cc1)S(=O)(=O)c2ccc(Cl)c(c2)C(=O)Nc3cccc(C)n3,9.65404,5.32255
CN1CCC(CC1)NCc2cccc(c2)c3ccc(cc3)S(=O)(=O)NCc4ccccc4,7,9.24769
CN1CCN(CC1)c2nccc3[nH]c(cc23)c4cccc(F)c4,7.52498,9.41759
CN1CCN(CC1)c2nccc3nc([nH]c23)c4ccc(F)c(F)c4,7.66955,9.00613
CN1CCN(CC1)S(=O)(=O)c2ccc(cc2)c3ccc4c(Nc5ccc6nn[nH]c6c5)ccnc4c3,6.02239,8.85938
CNC(=O)c1cc(cs1)S(=O)(=O)N2CCN(CC2)c3ccccn3,7,6.32899
CNC(=O)C1Cc2c([nH]c3cc(Cl)ccc23)C4(CCN(CCc5ccccc5)CC4)N1,7.7345,9.01356
CNC(=O)CNc1nc(nc2scc(c3ccccc3)c12)c4ccccn4,12.0569,4.78442
CO\C=C(\C(=O)OC)/c1ccccc1Oc2cc(Oc3ccccc3C#N)ncn2,7,6.0156
COc1cc(ccc1O)c2cc(cnc2N)c3ccc(cc3)S(=O)(=O)C,8.29986,4.9419
COc1cc(OC)cc(c1)C(=O)NCC2Cc3cc(Cl)cc(c3O2)c4ccncc4,7,5.51295
COc1cc2ncnc(NC3CCN(Cc4ccccc4)CC3)c2cc1OC,9.37963,9.34135
COc1ccc(cc1)c2cncc3ccc(nc23)C(=O)NCCCn4ccnc4,7,7.29989
COc1ccc(cc1OC)C2CC(=NN2C(=O)c3occc3)c4cccs4,7,3.55024
COc1ccc(cc1OC)c2cnc3ccc(nn23)N4CCCC4,7,4.83452
COc1ccc(CCN2CCC(CC2)NCc3cccc(c3)N(C)C)cc1,7,9.78199
COc1ccc(Cl)cc1NC(=O)CN(C)C(=O)c2cnn(n2)c3ccccc3,11.1194,5.29037
COc1ccc(cn1)c2cnc3ccc(NCc4ccc(cc4)S(=O)(=O)N)nn23,11.0981,4.53707
COc1ccc(CN2CCOc3ccc(cc3C2)C(C)(O)CN(C)C)cc1C,6.05315,9.2562
COc1cccc(c1)c2cc3c(Nc4cccnc4)nccc3[nH]2,9.75172,5.60358
COc1cccc(CC(=O)N2CCC(CC2)n3c(C)nc4ccc(F)cc34)c1,7,4.91983
COc1cccc2c(C)nc(N=C(N)N)nc12,10.5618,6.30202
COc1ccccc1C(C)NCC(=O)Nc2cc(ccc2Cl)C(F)(F)F,8.40549,8.13336
COc1ccccc1CNC(=O)c2cc(nc3c2cnn3C(C)C)C4CC4,7,5.86791
COc1cncc(c1)c2cncc(n2)N3CCN(CC3)c4ccncc4,7,6.01294
CS(=O)(=O)c1cccc(c1)c2cnc3[nH]cc(c4ccc(CCC(=O)O)cc4)c3c2,5.12486,6.54834
FC(C(Cl)=C1)=CC=C1NC(C2=CN=CC3=NN=C(C4=CC=C(OC(F)F)C=C4)N32)=O,8.58549,4.21754
FC(C=C1)=C(F)C=C1CCOC2=CN=CC3=NN=CN32,7,4.90986
FC(F)(F)c1cc(cc(c1)C(F)(F)F)C(=O)Nc2ccnc(n2)c3cccnc3,6.4674,5.2108
FC(F)(F)c1ccc(CN2C(=O)COCc3ccc(Br)cc23)cc1,7,7
FC(F)(F)c1cccc(c1)C(=O)NC2CCN(C2)c3ccnc4ccccc34,7,6.25936
FC(F)(F)c1cccc(c1)c2nc3c(NCc4ccncc4)nccc3[nH]2,8.92817,6.374
FC(F)(F)c1cnc(Sc2oc(nn2)c3ccncc3)c(Cl)c1,7,4.59771
FC(F)(F)c1nc(oc1C(=O)Nc2ccc(nc2)N3CCNCC3)c4ccccc4,7.88053,9.10023
FC(F)OC(C=C1)=CC=C1C2=NN=C3C=NC=C(C(NC4=CC(C(F)(F)F)=CC(C(F)(F)F)=C4)=O)N32,5.58035,5.66937
FC(F)OC(C=C1)=CC=C1C2=NN=C3C=NC=C(OC(C)C4=CC=C(C#N)C=C4)N32,7,4.39406
FC(F)OC(C=C1)=CC=C1C2=NN=C3C=NC=C(OC(C)C4=CC=C(F)C(F)=C4)N32,7,4.25333
FC(F)OC(C=C1)=CC=C1C2=NN=C3C=NC=C(OCC(C4=CC=CC=C4)CO)N32,11.9994,4.49084
FC(F)OC(C=C1)=CC=C1C2=NN=C3C=NC=C(OCC(N=N4)=CN4C5=CC=CC=C5)N32,7,5.77398
FC(F)OC(C=C1)=CC=C1C2=NN=C3C=NC=C(OCC4=CC=CC=C4)N32,7,4.48909
FC(F)OC(C=C1)=CC=C1C2=NN=C3C=NC=C(OCC4=CN(C5=NC(Cl)=CN=C5)N=N4)N32,7,4.86254
FC(F)OC(C=C1)=CC=C1C2=NN=C3C=NC=C(OCC4=CN(CC5=CC=CC=C5)N=N4)N32,7,5.33172
FC(F)OC(C=C1)=CC=C1C2=NN=C3C=NC=C(OCCC4(C56)C7C6C8C5C4C87)N32,7,4.34929
FC(F)OC(C=C1)=CC=C1C2=NN=C3C=NC=C(OCCC4=CC(OC)=CC=C4)N32,7,4.75218
FC(F)OC(C=C1)=CC=C1C2=NN=C3C=NC=C(OCCC4=CC=C(OC)C=C4)N32,7,4.76024
FC(F)OC(C=C1)=CC=C1C2=NN=C3C=NC=C(OCCC4=CC=CC=C4)N32,7,4.45745
FC(F)OC(C=C1)=CC=C1C2=NN=C3C=NC=C(OCCCC45C6C7C4C8C5C6C87)N32,7,4.15755
FC(F)OC(C=C1)=CC=C1C2=NN=C3C=NC=C(S(CCC4=CC=CC=C4)=O)N32,7,4.72353
FC(F)OC(C=C1)=CC=C1C2=NN=C3C=NC=C(SCCC4=CC=CC=C4)N32,7,4.5026
FC(OC(C=C1)=CC=C1C2=NN=C3C=NC=C(CN4CC(C=CC=C5)=C5C4)N32)F,7,7.22549
FC(OC1=CC=C(C2=NN=C3C=NC=C(N32)OCC(C4=CC(F)=C(C=C4)F)O)C=C1)F,9.42963,4.42287
FC1(F)CCN(CCCCNc2cc(c3cc(ccc3n2)Cl)C(=O)NCCN2CCCC2)CC1,8.32198,8.8269
FC1=C(C=CC(C(COC2=CN=CC3=NN=C(N32)C4=CC=C(OC(F)F)C=C4)N(C)C)=C1)F,7,8.0066
FC1=C(F)C=CC(C(N(C)C)COC2=CN=CC3=NN=C(C4=CC=C(C#N)C=C4)N32)=C1,7,7.41032
FC1=C(F)C=CC(C(OC)COC2=CN=CC3=NN=C(C4=CC=C(C#N)C=C4)N32)=C1,7,4.47339
FC1=C(F)C=CC(C(OC)COC2=CN=CC3=NN=C(C4=CC=C(C#N)C=C4)N32)=C1,7,4.47339
FC1=C(F)C=CC(CCOC2=CN=CC3=NN=C(C4=CC=C(Cl)C=C4)N32)=C1,7,4.37147
FC1=CC=C(N2C(C)=CC(C(OCC(N)=O)=O)=C2C)C=C1,7,7
Fc1ccccc1C2CC2C(=O)Nc3nc(cs3)c4ccccn4,11.1484,4.20003
IC12C(C3C1C4C52)C5C34C6=NN=C7C=NC=C(OCCC8=CC(F)=C(F)C=C8)N76,7,4.77945
IC12C3C4C5(C3C1C5C24)C6=NN=C7C=NC=C(C(NC8=CC(C(F)(F)F)=NC=C8)=O)N76,9.69068,4.53643
N#CC(C=C1)=CC=C1C2=NN=C3C=NC=C(OCCC4=CC=CC=C4)N32,7,4.5158
N#CC(C=C1)=CC=C1C2=NN=C3C=NC=C(OCCC4=CC=CC=C4Cl)N32,7,4.52708
n(CC(CNCC1CCCO1)O)(c2c3cc(Cl)cc2)c4c3cc(Cl)cc4,6.49649,8.22795
N1(C=CC(N)=NC1=O)C2O[C@@H]([C@@H](O)[C@H]2O)CO,7.96887,5.5106
n1(c2c(cccc2)n3)c3c4c(cccc4)NC1(C)c5cccc(OC)c5,12.1955,5.19304
n1(c2c(cccc2)n3)c3c4c(cccc4)NC1(C)c5ccccc5,12.1738,5.35826
N1(CC(=O)c(ccc(Cl)c2Cl)c2)c3c(cccc3)N(CCN4CCCCC4)C1=N,7,8.75525
n1(CCc2ccccc2F)c3c(nc4c(cccc4)n3)c(C(=O)NCC(C)C)c1N,10.2735,3.3403
n1(n2)c(nc(C)cc1Nc(cc(C)cc3C)c3)nc2C(F)(F)F,9.18895,4.95688
n1(nc(C)c2c3ccc(OC)c(OC)c3)c2ncc(C#N)c1N,9.12744,4.78569
n1(nc(C)cc1NC(=O)c(cccc2C(F)(F)F)c2)c3scc(c(ccc(OCO4)c45)c5)n3,7.67477,6.96419
n12c(cc(C(C)(C)C)n1)nc(CCN3Cc4ccccc4OCC)c(C3)c2O,4.53248,8.33861
n12c(nc(c3ccc(Cl)s3)cc1C(F)(F)F)cc(C(=O)NC(CC4)CCN4Cc5ccccc5)n2,7,8.60051
N1C(c2cccc(cccc3)c23)C(CC=C4)C4c5c1c(Cl)ccc5C(OC)=O,12.1231,3.84783
n1c(cc(C)nc1Nc(cc2)ccc2NC(CCc3ccccc3)=O)N4CCCC4,11.8407,6.83773
n1c(N)c2c(cccc2)nc1Nc3cccc(F)c3,11.02,5.20757
NC(=O)c1ccc(cc1)c2nc(cnc2N)c3ccc(cc3)C#N,11.8488,3.14362
Nc1ccc(cc1)C(=O)Nc2ccc(cc2)c3oc4ccccc4n3,9.84231,5.38037
Nc1ncc(Br)cc1c2nc3cc(Cl)cnc3[nH]2,9.00671,2.96666
Nc1ncc(cc1c2nc3cc(Cl)cnc3[nH]2)c4cn[nH]c4,5.64417,7.30931
Nc1nccc2ccc(cc12)c3ccc4nccn4c3,11.6642,6.04556
Nc1nccc2ccc(Oc3ccncc3)cc12,11.8564,5.63426
NCC(=O)N1CCn2c(C1)nc(c2Nc3ccc4OCOc4c3)c5ccccc5,9.65353,7.86132
NS(=O)(=O)c1cccc(c1)c2ccc3ncc(nc3c2)N4CCOCC4,7,4.88586
NS(=O)(=O)c1cncc(c1)c2ccc3nccc(c4cn[nH]c4)c3n2,5.11132,11.4102
O=C(/C(S/1)=C/C2=C(C)N(C3=CC=C(OC)C=C3)C(C)=C2)NC1=N\C4=CC=CC=C4,9.90306,4.54229
O=C(N1CC(C=CC=C2)=C2C1)C3=CN=CC4=NN=C(C5=CC=C(OC(F)F)C=C5)N43,7,4.20265
O=C(NC1=CC(Cl)=CC=C1C)C2=CN=CC(N23)=NN=C3C4=CC=C(OC(F)F)C=C4,9.41088,4.29816
O=C(NC1=CC=C(Cl)C=C1)C2=CN=CC3=NN=C(C4=CC=C(OC(F)F)C=C4)N32,10.1799,4.36089
O=C(NC1=CC=C(F)C=C1F)NC2=C(C3=CC=C(Br)C=C3)C(C(F)(F)F)=NN2C,7.81498,5.53065
O=C(NC1=CC=NC(C(F)(F)F)=C1)C2=CN=CC3=NN=C(C4=CC=C(OC(F)F)C=C4)N32,6.66335,4.01601
O=C(NC1CC1)c2ccc(nc2)N3CCC(Cc4ccccc4)CC3,7,4.96295
O=C(Nc1cccc(c1)c2ccc(NCCCN3CCCC3)nc2)c4ccccc4,9.60017,9.95465
O=C(Nc1ccccc1)c2ccc(s2)c3cc4ccncc4cc3OC5CCNCC5,11.023,7.72532
O=C(Nc1cnc2ccccc2c1)c3cccc(c3)n4cnnn4,11.3728,6.02009
O=C(NCCc1ccccc1)c2cc(cnc2NCC3CC3)c4cccnc4,12.5666,3.73712
O=C1C2=CC=CC=C2[C@@H](C(NC3=CC(C#N)=C(F)C=C3)=O)[C@H](C4=CN=CC=C4)N1CC(F)(F)F,9.33719,4.32794
O=C1C2=CC=CC=C2[C@H](C(NC3=CC(C#N)=C(F)C=C3)=O)[C@@H](C4=CN=CC=C4)N1CC(F)(F)F,9.33952,4.30474
O=C1N(Cc2cc3ccccc3s2)CC4CN(Cc5ccccc5)CCN14,7,8.77365
OC(C1=CC(F)=C(F)C=C1)COC2=CN=CC3=NN=C(C4=CC=C(C#N)C=C4)N32,11.2834,4.33491
OC(C1=CC=CC=C1)COC2=CN=CC3=NN=C(C4=CC=C(OC(F)F)C=C4)N32,10.9912,4.42876
OC(C1=CC=CC=C1)COC2=CN=CC3=NN=C(C4=CN=C(C(F)(F)F)C=C4)N32,11.1952,4.55855
OC1=CN=CC2=NN=C(N3CCCCC3)N21,6.11056,4.85792
OCc1ccc(cc1)c2cncc(Nc3cccc(Cl)c3)c2,11.812,2.94844
OCCc1ccc(Nc2nccc(n2)c3nnc4ccccn34)cc1,10.829,5.20376
OCCNc1ccc(cc1)C(=O)C2C[C@H]2c3ccc(Cl)cc3,12.1012,4.31797
O=[N](=O)C1=CC=C(C=C1)C=NNC2=NC3=C([NH]2)C=CC=C3,7.7659,5.93697
Brc1ccc(cc1)c2cc3C(=O)c4ccccc4c3nn2,7,3.19692
Brc1ccc(cc1)c2oc(cc2)C(=O)Nc3ccc(CN4CCOCC4)cc3,8.08044,9.33278
Brc1ccc(cc1)S(=O)(=O)N2CCC(CC2)C(=O)NCc3occc3,7,7
Brc1ccc(Nc2nc3ccccc3nc2Nc4ccc(Br)cc4)cc1,10.754,4.16696
Brc1ccc2OCC(=Cc2c1)C(=O)NCCCN3CCC(CC3)N4CCCCC4,7,8.78634
Brc1cccc(c1)C(=O)Nc2ccc(cc2)c3nc4cc5ccccc5cc4[nH]3,9.98746,5.63892
Brc1ccccc1C(=O)Nc2nc(cs2)c3ccccn3,11.2803,4.40266
c(c(ccn1)NCCN(CC)CC)(ccc(Cl)c2)c12,9.24493,8.54595
C(c1ccccc1)n2c(N=Nc3c(Nc4ccccc4)ccc5ccccc35)nc6ccccc26,10.3881,5.91291
C(Cc1c[nH]c2ccccc12)Nc3c4ccccc4nc5ccccc35,8.33004,5.77312
C(CCCNc1c2CCCCc2nc3ccccc13)CCNc4c5CCCCc5nc6ccccc46,10.5776,6.54885
C(Nc1nc(Nc2ccccc2)nc3ccccc13)c4ccccc4,11.826,5.196
C1(=NC(C)(Cc(cc(OC)c(OC)c2)c23)C)C3=NNC1=O,9.61012,4.80285
c1(c(ccn2)NCCN(CC)CC)c2cc(cccc3)c3c1,8.86952,9.04636
c1(cc(Br)ccc1O)CN(CC2)CCN2Cc3cccc(F)c3,5.74084,9.46676
c1(cnc(c2c1O)ccc(CC)c2)C(OCC)=O,6.23294,4.45446
c1(N(CC2)CCN2C)c3c(nc(Nc(ccc4O)cc4)n1)cccc3,7.59935,9.10016
c1(Nc(cc2)ccc2N(CC3)CCN3C)c4c(ccc(OC)c4)ncc1C(OCC)=O,8.15488,9.33702
C1(O)(CC(=O)c(ccc(OC)c2)c2O1)C(F)(F)C(F)(F)F,3.70093,7
C12=C(C=C(C(=O)NCc(cccn3)c3)C(=N)N1CCc(cc4)ccc4OC)C(=O)N(C=CC=C5C)C5=N2,7,6.37396
c12c(CC(C(O)=O)NC1c3ccc(Cl)cc3Cl)c4c(cccc4)[nH]2,4.60992,7.92435
c12c(ncnc1NCCCN(CC3)CCO3)c4c(ccc(Cl)c4)[nH]2,11.3039,7.7326
c12c(ncnc1NCCN(CC)CC)c3c(ccc(Br)c3)[nH]2,7.91771,9.041
c1ccc(cc1)C2=Nc3ccccc3N=C(c4ccccc4)c5ccccc25,7,3.34078
c1ccc(cc1)c2ccc(cc2)c3nc4ccccc4[nH]3,8.86381,5.15171
C1CN(CCO1)c2ccc(Nc3ccnc4cc5ccccc5cc34)cc2,11.1373,5.94353
c1ncc2n(c1C(Nc1cccc(c1)Cl)=O)c(nn2)c1ccc(cc1)OC(F)F,8.63631,4.12403
CC(=CCN1CCC(CC1)C(=O)Nc2ccc(cc2)c3nc4ccccc4[nH]3)C,6.1986,9.6461
CC(=O)c1sc(NC(=O)Nc2ccc(C)cc2C)nc1C,9.88499,4.58936
CC(=O)Nc1nnc(SCc2c(C)cc(cc2C)C(C)(C)C)s1,10.6718,3.48279
CC(C)(C)c1ccc(cc1)C2CC(=C3C(N(C(=O)c4ccccc4Cl)c5ccccc5N=C3C2)c6ccc(F)cc6)O,7.78936,4.12157
CC(C)(C)c1ccc(O)c(CNC2CCCCC2)c1,7.50409,9.11712
CC(C)(C)c1ccc2OCN(Cc3ccc(Cl)cc3)Cc2c1,7,7.98803
CC(C)c1ccc(Cn2c(CCNC(=O)C)nc3ccccc23)cc1,7,5.28582
CC(C)c1ccc(CNCC(O)c2ccccc2)cc1,7.0709,8.57713
CC(C)CCNCC(O)Cn1c2ccccc2c3ccccc13,7.06166,8.76865
CC(C)CN1C(C(C(=O)Nc2cc(C)on2)c3ccccc3C1=O)c4cccs4,9.55617,7.3484
CC(C)OCc1cc(CN2CCN(CC2)c3cccc(Cl)c3)c(O)c4ncccc14,4.99765,9.77275
CC(CCC(=C)C)N1CCC(CC1)N2CCC(CC2)C(=O)NCCc3ccccc3,7,9.84215
CC(NCc1ccccc1)c2cc(Cl)ccc2O,9.693,7.9164
CC(Oc1ccc(NC(=O)c2cccs2)cc1)C(=O)c3ccc(Cl)cc3,10.5737,7
Cc1[nH]c(cc1C(=O)NC2CCN(Cc3ccccc3)CC2)c4ccc(F)cc4,6.10288,9.84035
CC1=C(CC(=O)C2=CC(=CC=C2)[N](=O)=O)C(=O)C3=C(C=CC=C3)C1=O,7,7
CC1=CC(=O)Oc2c1ccc3oc(C(=O)c4ccc(C)cc4)c(C)c23,7,7
Cc1cc(C)c2CN(Cc3ccccc3Cl)COc2c1,7,8.24869
Cc1cc(C)c2nc(sc2c1)N3CCC(CC3)C(=O)NCCCN4CCC(CC4)N5CCCCC5,7,9.45304
CC1CC(C)CN(C1)C(=O)c2ccc(Cl)cc2Cl,7,7
Cc1cc(C=C2SC(=Nc3ccccc3)N(C4CCCC4)C2=O)c(C)n1c5ccc(Cl)cc5,7,4.65534
Cc1cc(Nc2ccc(C)c(Cl)c2)n3nc(nc3n1)C(F)(F)F,8.87869,4.89423
Cc1cc(Nc2ccc(OCc3ccccc3)cc2)nc4cc(O)ccc14,9.34334,5.82699
Cc1cc(Nc2cccc(F)c2)nc(NCc3ccccc3)n1,11.882,6.10748
Cc1cc(NCCN2CCCCC2)c3ccc4ccccc4c3n1,8.95797,9.14536
CC1CC2=C(CC1CNCCCN(C)C)C(C)(C)CCC2,7,9.79994
Cc1ccc(c(O)c1)c2cc([nH]n2)C(=O)Nc3ccc(cc3)S(=O)(=O)N4CCCCC4,5.99306,6.65619
Cc1ccc(C)c(Cn2c(nc3ccccc23)N4CCC(CC4)C(=O)NCc5cccs5)c1,7,5.34711
Cc1ccc(cc1)C2CC(n3nc(cc3N2)C(=O)N4CCN(CC4)C(c5ccccc5)c6ccccc6)C(F)(F)F,9.90425,9.05259
Cc1ccc(cc1)c2cc3C(=O)c4ccccc4c3nn2,7,3.43994
Cc1ccc(cc1)c2cc3nc4CCCCc4c(O)n3n2,7.05808,5.89494
Cc1ccc(cc1)N2C(=O)C3C(C2=O)C4(C(=O)C3(C(=C4c5ccccc5)c6ccccc6)c7ccccc7)c8ccccc8,7,7
Cc1ccc(cc1)N2C3N(c4ccccc4C2N(c5ccccc35)S(=O)(=O)c6ccc(C)cc6)S(=O)(=O)c7ccc(C)cc7,7,4.78012
Cc1ccc(Cl)cc1N2CCN(CCCNC(=O)C3CCN(CC3)c4nc5ccccc5[nH]4)CC2,7.25865,9.18772
Cc1ccc(Cn2c(nc3ccccc23)N4CCC(CC4)C(=O)NCc5cccs5)cc1,7,5.41903
Cc1ccc(CSCc2oc(cc2)C(=O)NC3CC3)cc1,7,7
Cc1ccc(F)cc1NC(=O)c2cc(Cl)ccc2Nc3ccccc3,9.49386,1.1313
Cc1ccc(Nc2nc(cs2)c3ccccn3)cc1,11.0563,5.38437
Cc1ccc(Nc2nc(N)c3ccccc3n2)cc1Cl,11.1711,5.14999
Cc1ccc2c(C)nc(Nc3nc(C)cc(n3)c4ccccc4)nc2c1,11.9021,4.90813
Cc1ccc2cc3c(N)c4c(C)ccc(C)c4nc3nc2c1,10.68,6.0175
Cc1ccc2nc(C)cc(Nc3cccc(c3)C(F)(F)F)c2c1,9.37613,5.91382
Cc1cccc(c1)N2C(=O)C3C(C2=O)C4(C(=O)C3(C(=C4c5ccc6OCOc6c5)c7ccc8OCOc8c7)c9ccccc9)c%10ccccc%10,7,7
Cc1cccc(Nc2nc(N)c3ccccc3n2)c1,11.3634,5.25207
CC1CCCCC1NCC(O)Cn2c(C)c(C)c3ccccc23,6.9479,9.0496
Cc1ccccc1OCCSc2nc3ccc(NC(=O)c4ccccc4)cc3s2,10.6182,2.62118
Cc1ccccc1OCCSc2nc3ccc(NC(=O)c4cccs4)cc3s2,10.4505,2.47658
CC1CCCCN1CCCNC(=O)c2ccc3c(c2)sc4nc(cn34)c5ccc(F)cc5,7,9.35251
CC1CCN(Cc2c(O)ccc3C=C(C(=O)Oc23)c4nc5ccccc5s4)CC1,4.35006,8.49127
CC1CCN(Cc2ccc(NC(=O)c3cc4ccc5cccnc5c4[nH]3)cc2)CC1,6.26462,9.53182
Cc1ccnc(NC(c2cccc(OCc3ccccc3)c2)c4ccc5cccnc5c4O)c1,8.58356,6.79155
CC1CN(CC(C)O1)C(=O)c2sc3ccccc3c2Cl,7,7
Cc1nc2ccccc2c(O)c1CC=C,8.91714,3.78555
Cc1nc2ccccc2c(O)c1CC=C(Cl)Cl,8.64115,3.73273
Cc1onc(NC(=O)c2ccc(cc2)c3ccccc3)c1,10.1834,7.45881
Cc1sc2ncnc(Sc3nc4ccccc4[nH]3)c2c1C,8.79918,5.07185
CCC(C)NCC(O)(c1ccc(Cl)cc1)c2ccc(Cl)cc2,6.39743,8.97162
CCC(c1ccccc1)c2nn3c(nnc3s2)c4cccs4,7,4.4844
CCC(O)c1ccc(Br)cc1NC(=O)c2cccc(Cl)c2,10.7431,7
CCC1(C)CC(CCNCc2ccccc2O)(CCO1)c3ccc(C)cc3,5.79266,9.65741
CCC1=C(C)C(=N)c2ccccc2N1C,7,8.01285
CCc1ccc(Nc2cc(C)c3ccc(O)cc3n2)cc1,8.36138,5.56075
CCc1ccc(Nc2cc(C)nc3nc(C)nn23)cc1,10.817,6.64064
CCCC1=C(CC)C(=N)c2ccccc2N1C,7,8.00464
CCCc1c(C)nc2ccc(Br)cc2c1O,8.39081,3.80676
CCCc1cc(O)c2C3=C(CN(C)CC3)C(=O)Oc2c1,6.92115,8.73356
CCCCC(O)(C(CN1CCOCC1)c2ccc(Cl)cc2)c3ccc(Cl)cc3,7.68602,8.45189
CCCCC1=C(CCC)C(=N)c2ccccc2N1C,7,8.00927
CCCCc1c(C)nc2c(OC)cccc2c1O,8.69871,4.10021
CCCCc1ccc(NS(=O)(=O)c2cc3CCN4C(=O)CCc(c2)c34)cc1,7.81348,7
CCCCCC(=O)N1C(C2=C(O)CC(CC2=Nc3ccccc13)c4ccc(OC)c(OC)c4)c5ccc(cc5)C(F)(F)F,4.99666,8.24652
CCCCCCc1cc(O)c2C3=C(CCC(C)C3)C(=O)Oc2c1,6.33892,7
CCCCCCc1cc2C=C(C(=Nc3ccccc3C)Oc2cc1O)c4nc5ccccc5[nH]4,7.3521,6.66947
CCCCCCc1cc2C=C(C(=O)Oc2cc1O)c3csc(C=Cc4ccccc4)n3,6.62563,4.29369
CCCCCCN1C(=N)N(CC(O)COc2cccc(C)c2)c3ccccc13,12.9748,6.79264
CCCCCCOC(=O)C1=C(C)NC(=O)NC1c2ccccc2F,9.06457,7
CCCCNc1nc(NC(C)(C)C)nc(NC(C)(C)C)n1,11.9756,7.29643
CCCCNCC(O)(c1ccc(Cl)cc1)c2ccc(Cl)cc2,5.74032,8.95158
CCCCOC(=O)c1ccc(Nc2cc(C)nc3ccc(OC)cc23)cc1,9.42255,5.98241
CCCN(CCC)CC(O)COc1ccccc1C(=O)Nc2ccccc2,6.53262,8.58286
CCCN(CCC)CCCNC(=O)c1cc2c(nn(C)c2s1)c3ccc(OC)c(OC)c3,7,9.55555
CCCN1C(=N)C(=CC2=C1N=C3N(C=CC=C3C)C2=O)C(=O)NC4CCCCC4,7,6.50335
CCCOCc1cc(CN2CCN(CC2)c3cccc(Cl)c3)c(O)c4ncccc14,4.96686,9.77414
CCN(CC)CCN1C(=N)N(CC(O)c2ccc(Cl)c(Cl)c2)c3ccccc13,9.10179,8.82168
CCN(CC)S(=O)(=O)c1ccc(cc1)c2csc(Nc3ccc(C)c(C)c3)n2,10.3488,5.68792
CCN(Cc1ccccc1)C2CCN(Cc3cc(Br)ccc3O)CC2,5.72954,9.36736
CCN1C(=Nc2ccccc2C1=O)SCC(=O)Nc3cc(ccc3Cl)C(F)(F)F,7.19055,3.02929
CCn1c(CN2CCN(Cc3ccccc3)CC2)nc4cc(NC(=O)c5cccs5)ccc14,9.63695,8.80427
CCN1C2=C(CCC2)C(=N)C3=C1CCCC3,7,8.20985
CCN1CCN(CC1)c2cc(C)c3cc(NC(=O)c4ccc(OC)c(OC)c4)ccc3n2,8.29108,9.73138
CCN1CCN(Cc2ccc(NC(=O)c3cc4ccc5cccnc5c4[nH]3)cc2)CC1,6.06148,9.61686
CCOC(=O)C1=C(C)N=C2SC(=Cc3cc(Cl)ccc3O)C(=O)N2C1c4ccc(OC)cc4,6.35664,4.41633
CCOC(=O)C1=C(C)N=C2SC(=Cc3ccccc3O)C(=O)N2C1c4ccc(OC)c5ccccc45,6.85578,4.94281
CCOC(=O)C1=C(N=C2SC(=Cc3cc(C)n(c3C)c4ccc(F)cc4)C(=O)N2C1c5cccc(OC)c5OC)c6ccccc6,7,5.03211
CCOC(=O)C1=CN(C)C=C(C1c2cc(Br)c(OCC)c(OC)c2)C(=O)OCC,7,3.09783
CCOC(=O)C1=CN(CC)c2cc(N(C)CCc3ccc(OC)c(OC)c3)c(F)cc2C1=O,7,5.69902
CCOC(=O)C1=CN(CC)c2cc(N3CCCCC3)c(F)cc2C1=O,7,6.08692
CCOC(=O)c1c(C)n(c2ccc(Cl)cc2)c3ccc(OC(=O)C=Cc4ccccc4)cc13,7,7
CCOC(=O)c1c(NC(=O)c2ccccc2)sc3c(O)c(CN(CC)CC)ccc13,5.64855,9.49191
CCOC(=O)c1ccc2nc(cc(O)c2c1)c3ccccc3,7.27008,4.06832
CCOC(=O)C1CCN(CC1)C(=O)CN2C(c3ccccc3C2=O)c4c[nH]c5ccccc45,9.27155,7
CCOC(=O)c1cnc2c(C)cc(C)cc2c1Nc3ccc(OC)c(OC)c3,8.46207,5.68851
CCOC(=O)c1cnc2c(C)cccc2c1Nc3ccc(cc3)C(=O)C,8.90077,5.47628
CCOC(=O)c1cnc2ccc(Cl)cc2c1NCCCN(C)C,9.29374,8.60501
CCOc1c(Br)cc(cc1OC)C2C(=CN(C)C=C2C(=O)OC)C(=O)OC,7,2.95971
CCOc1cc(Br)c(cc1OCC)C(C)NC(=O)c2cccc(OC)c2,7,7
CCOc1cc(cc(Cl)c1O)C2NCCc3cc(OCC)c(OCC)cc23,4.00187,8.73735
CCOc1cc(Cl)c(cc1OCC)C(C)NC(=O)c2cccc(OC)c2,7,7
CCOc1cc(Cl)c(cc1OCC)C(C)NC(=O)c2ccccc2,7,7
CCOc1cc2CCNC(c3cc(C)c(O)c(C)c3)c2cc1OCC,4.96046,9.07583
CCOc1cc2CCNC(c3cc(Cl)ccc3O)c2cc1OCC,5.41343,9.10803
CCOc1cc2CCNC(c3cc(OC)c(O)cc3Cl)c2cc1OCC,4.19561,8.99526
CCOc1ccc(C=CC2=NC(=O)c3ccccc3O2)cc1,7,6.10735
CCOc1ccc(cc1)C2N(C)c3ccccc3N2C,7,5.79731
CCOc1ccc(cc1)n2cc(c3ccccc3)c4c(SCc5cc(C)ccc5C)ncnc24,7,4.58703
CCOc1ccc(CN2CCN(CC(O)COc3ccc(OCC(O)CN4CCN(Cc5ccc(OCC)cc5)CC4)cc3)CC2)cc1,6.14879,8.57295
CCOc1ccc(Nc2c3ccccc3nc4ccccc24)cc1,10.1377,5.76211
CCOc1ccc(Nc2ccnc3cc(Cl)ccc23)cc1,11.2256,5.16192
CCOc1ccc2nc(C)cc(Nc3ccc(Br)cc3)c2c1,11.0624,5.29142
CCOc1ccc2nc(C)cc(Nc3ccc(cc3)N(C)C)c2c1,11.3003,6.01545
CCOc1ccc2OCN(Cc3ccc(Cl)cc3)Cc2c1,7,8.17832
CCOc1ccccc1CNC(=O)C2C(N(CC(C)C)C(=O)c3ccccc23)c4cccs4,7,7
Clc1cc(Br)ccc1c2oc(CNCC3CCNCC3)cc2,7,10.4226
Clc1cc(NC(=O)c2oc(Br)cc2)ccc1N3CCCCC3,11.0779,6.30653
Clc1ccc(C=CC2=NC(=O)c3ccccc3O2)cc1,7,5.73615
Clc1ccc(cc1)C2(CN3CCC(CC3)NC(=O)CCc4occc4)CCC2,7,8.62953
Clc1ccc(cc1)S(=O)(=O)N2CCC(CC2)C(=O)NCc3occc3,7,7
Clc1ccc(cc1Cl)C(=O)Nc2ccc(cc2)c3nc4ccccc4[nH]3,7.70407,5.88255
Clc1ccc(Cl)c(c1)c2oc(cc2)C(=O)Nc3ccc(CN4CCOCC4)cc3,8.03325,9.19541
Clc1ccc(NC(=O)Nc2ccc(Cl)c(Cl)c2)cc1Cl,10.4765,7
Clc1ccc2c(ccnc2c1)N3CCCC3,7,5.72616
Clc1ccc2nc(cc(C(=O)NC3CCN(Cc4ccccc4)CC3)c2c1)c5cccnc5,7,9.03008
Clc1ccc2nc(cc(C(=O)NC3CCN(Cc4ccccc4)CC3)c2c1)c5ccncc5,7,9.00014
Clc1ccc2OC(=O)C=C(NC3CCN(CCCc4ccccc4)CC3)c2c1,8.92943,8.58746
ClCC(=O)NCCOc1ccc(Cl)cc1Cl,7,7
CN(C)c1ccc(C=CC2=NC(=O)c3ccccc3O2)cc1,7,6.02504
CN(C)c1ccc(cc1)C(O)(c2ccc(cc2)N(C)C)c3ccc(cc3)N(C)C,12.2273,6.75237
CN(C)CCCNc1c2ccccc2nc3ccccc13,8.82405,9.20633
CN(C)CCCNCc1oc(cc1)c2ccc(F)c(Cl)c2,7,9.27409
CN(C)CCNc1cc(nc2ccccc12)c3ccccc3,8.7834,8.72774
CN1C(=O)c2cc(sc2c3ccccc13)C(=O)NCCCN4CCCCCC4,7,8.75712
CN1C(=O)N(C)c2cc(CNCCNc3ccnc4cc(Cl)ccc34)ccc12,11.1819,7.998
CN1C(N(C)c2ccccc12)c3ccc4OCOc4c3,7,5.47951
CN1C=C(C(c2ccccc12)c3c[nH]c4ccccc34)c5ccc6ccccc6n5,8.31261,4.58893
CN1CCN(CC1)c2c3CCCc3c(C#N)c4nc5ccccc5n24,7,8.45277
CN1CCN(CC1)c2ccc(Nc3c4ccccc4nc5ccccc35)cc2,7.94072,8.9914
CNCCCNc1ccnc2cc(Cl)ccc12,8.2955,9.89269
COC(=O)c1ccc(cc1)C2N(C(=O)c3ccccc3)c4ccccc4N=C5CC(CC(=C25)O)c6ccc(F)cc6,6.54002,4.36619
COc1cc(cc(OC)c1O)c2nc(c3ccc(Sc4ccccc4)cc3)c([nH]2)c5ccccc5,7.49111,6.23206
COc1cc(cc(OC)c1O)c2nc(c3ccccc3)c([nH]2)c4ccccc4,8.13617,5.48743
COc1cc(cc(OC)c1OC)C(=O)Nc2ccc(cc2)c3nc4ccccc4[nH]3,7.90582,6.15485
COc1cc(cc(OC)c1OC)C(=O)ON=C(N)Cc2cccc3ccccc23,9.94231,5.7276
COc1cc(CNCCc2ccc(Cl)cc2)cc(OC)c1O,7.261,8.7318
COc1cc(OC)c(cc1Cl)N(C)C(=O)c2cc3CS(=O)(=O)c4ccccc4c3s2,7,7
COc1cc(OC)cc(c1)C(=O)Nc2ccc(cc2)c3nc4ccccc4[nH]3,8.03544,6.0542
COc1cc(OC)cc(c1)N2C(=O)N(Cc3ccc(cc3)C(C)(C)C)c4ccccc4S2(=O)=O,7,7
COc1cc(SC)ccc1C(=O)N2CCCC(C)C2,7,7
COc1cc2cc(C(=O)Nc3ccccc3)c(N)nc2cc1OC,9.12666,5.5375
COc1cc2CCN(C)C3Cc4ccc(Oc5cc(CC6N(C)CCc7cc(OC)c(OC)c(Oc1cc23)c67)ccc5O)cc4,8.51704,9.38744
COc1ccc(Br)cc1C2Nc3ccc4ccccc4c3C5=C2C(=O)CC(C5)c6ccccc6,12.0668,0.79661
COc1ccc(c(OC)c1)n2ccnc2SCC(=O)Nc3cc(C)ccc3C,9.38671,4.93273
COc1ccc(C=C2SC(=N)N(C2=O)c3ccccc3OC)cc1,7,6.32365
COc1ccc(C=C2SC(=NC2=O)Nc3ccc(F)cc3)c(OC)c1,8.8655,6.12337
COc1ccc(C=C2SC(=NC2=O)Nc3ccccc3)cc1,10.0003,5.74955
COc1ccc(cc1)C(=O)C2CC2c3ccc(Cl)cc3,7,7
COc1ccc(cc1)C(=O)NC(c2ccc(Cl)cc2Cl)c3cc(Cl)c4cccnc4c3O,7.92824,3.27796
COc1ccc(cc1)C(=O)NC(c2ccccc2Cl)c3cc(Cl)c4cccnc4c3O,8.1411,3.33201
COc1ccc(cc1)C2=C(c3ccc(OC)cc3)C4(C5C(C(=O)N(C5=O)c6ccc(C)cc6)C2(C4=O)c7ccccc7)c8ccccc8,7,7
COc1ccc(cc1)C2=CC(=O)Oc3c4CN(Cc5ccc(F)cc5)COc4ccc23,7,9.03259
COc1ccc(cc1)C2C(C(=O)Nc3cccc(OC)c3)c4ccccc4C(=O)N2C5CCCCC5,9.73472,7
COc1ccc(cc1)c2nc(NC(=O)CS(=O)(=O)c3ccc(F)cc3)sc2C,8.36938,5.01848
COc1ccc(cc1)c2nc3cc(Cc4ccc5[nH]c(nc5c4)c6ccc(OC)cc6)ccc3[nH]2,8.32359,5.84813
COc1ccc(cc1)C2Sc3ccccc3N=C4C2=C(O)c5ccccc45,7.30844,2.55056
COc1ccc(cc1)N2CCN(CC2)C(CNC(=O)C3CCCCC3)c4ccc5OCOc5c4,7,8.29463
COc1ccc(cc1CN2CCN(CC2)c3ccc(F)cc3)C4NCCc5c4[nH]c6ccccc56,7.56954,9.03437
COc1ccc(cc1N2C(=O)C3C(C2=O)C4(C(=O)C3(C(=C4c5ccc(C)cc5)c6ccc(C)cc6)c7ccccc7)c8ccccc8)C(=O)C,7,7
COc1ccc(CCN2CCC(CN(C)Cc3cnn(c3)c4ccccc4)CC2)cc1,7,9.43696
COc1ccc(CCNC(=O)c2cc(ccc2Sc3ccc(F)cc3)S(=O)(=O)N4CC(C)CC(C)C4)cc1OC,7,7
COc1ccc(CN2CCN(Cc3ccccc3)CC2)c(O)c1,5.81835,9.5448
COc1ccc(CNC(=O)C2=CC3=C(N=C4C=CC=CN4C3=O)N(CCc5ccccc5)C2=N)cc1,7,6.80895
COc1ccc(CNC2CCN(CC2)c3ccc(NC(=O)c4cccc(Cl)c4)cc3)cc1OC,9.23857,9.56734
COc1ccc(NC(=O)C2C(N(CC(C)C)C(=O)c3ccccc23)c4cccs4)cc1,10.6307,7
COc1ccc(NC(=O)C2C(N(CC(C)C)C(=O)c3ccccc23)c4cccs4)cc1Cl,10.3075,7
COC1=CC=C(NC2=NC(=NC(=N2)NN=CC3=CC=C(O)C=C3)NC4=CC=C(C=C4)[N](=O)=O)C=C1,8.78349,6.01979
COc1ccc(OC)c(c1)C2C3=C(CC(C)(C)CC3=O)N(C4=C2C(=O)CC(C)(C)C4)c5ccc(Cl)c(Cl)c5,7,1.67803
COc1ccc2C(=O)C=C(Oc2c1)C(Cl)(Cl)Cl,7,7
COc1ccc2C3CC(=Nc4ccccc4N3C(=O)c2c1OC)c5ccc(C)cc5,7,2.82799
COc1ccc2nc(C)cc(Nc3ccc(Cl)cc3)c2c1,11.0789,5.34305
COc1ccc2nc(C)cc(Nc3cccc(O)c3)c2c1,7.91364,5.37143
COc1ccc2nccc(C(O)C3CC4(CCN3CC4)C=C)c2c1,6.93981,8.26476
COc1cccc(C=CC2=NC(=O)c3ccccc3O2)c1OC,7,6.42058
COc1cccc(c1)C(=O)NC(c2ccc(C)cc2)c3cc(Cl)c4cccnc4c3O,8.08763,3.47318
COc1cccc(c1)c2nn(C)c3sc(cc23)C(=O)NCCN4CCN(CC4)c5ccccc5F,7,9.55828
COc1cccc(NC(=O)[C@H](C(C)C)N2C(=O)Nc3ccccc3C2=O)c1,7.95275,7
COc1cccc(NC(=O)Cn2c(C)c(C#N)c3ccccc23)c1,10.017,7
COc1cccc(Nc2nc(N)c3ccccc3n2)c1,11.1256,5.51704
COc1cccc(O)c1CN2CCC3(CCCN(Cc4ccc(F)cc4)C3)C2,5.09263,9.84712
COc1ccccc1C(=O)ON=C(N)Cc2cccc3ccccc23,10.3318,7.46877
COc1ccccc1CNC(=O)CCN2C(=O)Nc3ccccc3C2=O,7.97304,7
COc1ccccc1CNC(=O)CCN2C(=O)Nc3ccsc3C2=O,9.85148,7
COc1ccccc1N=C2C(=O)c3ccccc3C(=C2N4CCCCC4)O,7.74394,5.03497
COc1ccccc1N2C(=N)SC(=Cc3ccc(OCc4ccccc4F)cc3)C2=O,7,6.61364
COc1nc(Nc2ccc(cc2)C(C)C)nc(OC)n1,10.5432,5.83931
COCCN(C(C(=O)NCc1ccc(OC)cc1)c2ccc(cc2)C(C)C)C(=O)Cc3cccs3,7,7
CSC1=NC(=Nc2c(C)cccc2C)C3(CCC(CC3)C(C)(C)C)N1c4ccc(Cl)cc4,7,5.71448
CSc1ccccc1C(=O)Nc2nc(cs2)c3ccccn3,11.3579,4.79869
FC(F)(F)c1cccc(CNC2CCN(CCc3ccccc3)CC2)c1,7,9.14676
FC(F)(F)c1cccc(Nc2nc3ccccc3nc2Nc4cccc(c4)C(F)(F)F)c1,8.05877,4.39499
Fc1ccc(NC(=O)Nc2ccc(Cl)c(Cl)c2)cc1Cl,9.97578,7
Fc1ccc2[nH]c3c(NCCCN4CCOCC4)ncnc3c2c1,8.52832,8.66053
Fc1cccc(c1)C2Sc3ccccc3N=C4C2C(=O)c5ccccc45,7,1.8136
n(CC(CNCCOC)O)(c1c2cc(Cl)cc1)c3c2cc(Cl)cc3,6.49687,8.1401
n1(c2c(cccc2)n3)c3c(C#N)c(C)cc1N(CC4)CCN4C5CCCC5,7,8.42618
n1(n2)c(nc(C)cc1Nc(cc3)ccc3Cl)nc2C(F)(F)F,8.88039,4.80102
n1(ncn2)c2nc(C)cc1Nc(ccc(cccc3)c34)c4,11.4722,6.56045
n1c(N(C)C)cc(C)nc1Nc(cc2)ccc2NC(=O)Nc3ccccc3,10.6719,6.70767
n1c(Nc(cc2)ccc2OC)cc(C)nc1NCc3ccccc3,11.8202,6.54207
n1c(NCc2ccccc2)c3c(cccc3)nc1Nc(cc4)ccc4OC,11.7543,5.93357
n1c(NCCO)c2c(cccc2)nc1Nc(ccc(C)c3C)c3,11.7151,6.32579
n1c(NCCO)c2c(cccc2)nc1Nc3cccc(OC)c3,11.3906,6.57831
Nc1ccc(cc1)c2nc3cc(Cc4ccc5[nH]c(nc5c4)c6ccc(N)cc6)ccc3[nH]2,8.78536,6.26103
Nc1ccc(cc1)c2nc3cc(Oc4ccc(Oc5ccc6[nH]c(nc6c5)c7ccc(N)cc7)cc4)ccc3[nH]2,8.3271,6.26033
O=C(NC1=C(C)C(Cl)=CC=C1)C2=CN=CC(N23)=NN=C3C4=CC=C(OC(F)F)C=C4,8.60359,4.1496
O=C(NC1=C(F)C(Cl)=CC=C1)C2=CN=CC(N23)=NN=C3C4=CC=C(OC(F)F)C=C4,7.9392,4.08072
O=C(Nc1ccc(cc1)C23CC4CC(CC(C4)(C2)c5ccccc5)C3)c6cccs6,11.4126,7
O=C(Nc1ccc(cc1)N2CCN(Cc3ccccc3)CC2)c4cccs4,9.64469,9.00376
O=C(Nc1cccc(c1)C(=O)Nc2cccc(c2)c3nc4ccccc4[nH]3)c5occc5,7.734,5.69102
O=C(Nc1cccc(c1)C2=NCCN2)Nc3cccc(c3)C4=NCCN4,5.86514,7.57148
O=C(NC1CCCCC1)C(N(CCc2ccccc2)C(=O)c3occc3)c4cccs4,7,7
O=C(NC1CCN(Cc2ccccc2)CC1)c3cc(cc(c3)C(=O)NC4CCN(Cc5ccccc5)CC4)C(=O)NC6CCN(Cc7ccccc7)CC6,7,9.29746
O=C(NCC1Cc2cccc(c2O1)c3ccncc3)c4csc5CCCCc45,7,5.26105
OC(CN1C(=N)N(CCN2CCCCC2)c3ccccc13)c4cccc(Br)c4,9.40521,8.89754
OC(Cn1nnc2ccccc12)Cn3c4ccc(Br)cc4c5cc(Br)ccc35,11.8015,5.14449
OC(CNC1CCCC1)Cn2c3ccccc3c4ccccc24,7.44829,9.0204
OC(CNC1CCCCC1)Cn2c3ccc(I)cc3c4cc(I)ccc24,7.30006,8.18731
OC(CNC1CCCCC1)Cn2c3ccccc3c4ccccc24,7.37372,9.06962
OC(CNCc1ccccc1)Cn2c3ccccc3c4ccccc24,13.4267,7.49706
OC(COc1ccccc1C(=O)CCc2ccccc2)CN3CCCCC3,6.47479,8.46077
OC1=C2C(Sc3ccccc3N=C2c4ccccc14)c5ccc(Br)cc5,7.62181,2.45018
Oc1c(ccc2cccnc12)C(NC(=O)c3ccccc3)c4ccccc4,8.55362,2.74987
Oc1c(ccc2cccnc12)C(Nc3ccccn3)c4cccc(Oc5ccccc5)c4,8.52972,6.42511
Oc1ccc(cc1)c2nc(c3ccc4oc5ccc(cc5c4c3)c6[nH]c(nc6c7ccccc7)c8ccc(O)cc8)c([nH]2)c9ccccc9,7.51131,6.22353
Oc1ccc2ccccc2c1C(NC(=O)Cc3ccccc3)c4ccc(Cl)cc4,9.43959,7
Oc1ccc2ccccc2c1CNc3nc4ccccc4[nH]3,8.45284,6.60097
Oc1ccccc1CN2CCC3(CCCN(Cc4ccccc4F)C3)C2,5.80254,9.78837
Oc1ccccc1CN2CCN(CC2)C(c3ccccc3)c4ccccc4,6.34751,8.73967
Oc1ccccc1CNCC23CC4CC(CC(C4)C2)C3,7.48941,9.31435
OCCCCN1C(=O)c2ccc3C(=O)N(CCCCO)C(=O)c4ccc(C1=O)c2c34,8.3886,7
OCCNc1nc(Nc2ccc(Cl)c(Cl)c2)nc3ccccc13,11.2445,5.86252
FC(F)OC(C=C1)=CC=C1C2=NN=C3C=NC=C(OCCC4567[BH]89%10[BH]%11%124[BH]8%13%14[BH]%11%15%16[CH]%13%17%18[BH]%149%19[BH]%105%20[BH]%21%226[BH]%17%15([BH]%22%12%167)[BH]%18%19%20%21)N32,Error,Error
FC(F)C1(C2)CC2(COC3=CN=CC4=NN=C(C5=CC=C(OC(F)F)C=C5)N43)C1,7,4.42858
FC(F)OC(C=C1)=CC=C1C2=NN=C3C=NC=C(OCC(CO)C4=C(F)C=CC=C4)N32,11.6218,4.47798
FC(F)OC(C=C1)=CC=C1C2=NN=C3C=NC=C(OCC(CO)C4=C(F)C=C(F)C=C4F)N32,10.3443,4.43712
FC(F)OC(C=C1)=CC=C1C2=NN=C3C=NC=C(OCC(CO)C4=C(F)C=C(F)C(F)=C4)N32,10.3551,4.52302
FC(F)OC(C=C1)=CC=C1C2=NN=C3C=NC=C(OCC(CO)C4=CC(C(F)(F)F)=CC=C4)N32,9.82615,4.50633
FC(F)OC(C=C1)=CC=C1C2=NN=C3C=NC=C(OCC(CO)C4=C(OC)C=CC=C4)N32,11.7788,5.28402
FC(F)OC(C=C1)=CC=C1C2=NN=C3C=NC=C(OCC(CO)C4=CC(OC)=CC=C4)N32,11.8689,4.84616
FC(F)OC(C=C1)=CC=C1C2=NN=C3C=NC=C(OCC(CO)C4=CC=C(OC)C=C4)N32,11.7506,4.85658
FC(F)OC(C=C1)=CC=C1C2=NN=C3C(OCC(CO)C4=CC=CC=C4)=NC=CN32,11.4922,4.30537
FC(F)OC(C=C1)=CC=C1C2=NN=C3C(OCC(CO)C4=CC(F)=C(F)C=C4F)=NC=CN32,9.8514,4.29125
FC(F)OC(C=C1)=CC=C1C2=NN=C3C=NC=C(OCC(C(O)=O)C4=C(F)C=C(F)C=C4F)N32,2.74182,6.27608
FC(F)OC(C=C1)=CC=C1C2=NN=C3C=NC=C(OCC(C(O)=O)C4=CC=C(OC)C=C4)N32,3.06879,6.98111
OCC(C1=CC=CC=C1)(O)COC2=CN=CC(N23)=NN=C3C4=CC=C(OC(F)F)C=C4,9.74604,4.4647
CC1=CC=C(C2=NN=C3C=NC=C(OCCC4=CC=CC=C4)N32)C=C1,7,4.62206
COC1=C(C2=NN=C3C=NC=C(OCCC4=CC=CC=C4)N32)C=CC=C1,7,5.04036
C1(CCOC2=CN=CC(N23)=NN=C3C4=CC5=C(OCC5)C=C4)=CC=CC=C1,7,4.53306
C1(CCOC2=NC=CN3C2=NN=C3C4=CC5=C(OCC5)C=C4)=CC=CC=C1,7,4.38714
CCOC1=C(C2=NN=C3C=NC=C(OCCC4=CC=CC=C4)N32)C=CC=C1,7,5.06414
CCOC1=C(C2=NN=C3C(OCCC4=CC=CC=C4)=NC=CN32)C=CC=C1,7,4.79141
COC1=C(OC)C=C(C2=NN=C3C=NC=C(OCCC4=CC=CC=C4)N32)C=C1OC,7,4.54049
COC1=C(OC)C=C(C2=NN=C3C(OCCC4=CC=CC=C4)=NC=CN32)C=C1OC,7,4.41928
FC(OC1=CC=C(C2=NN=C3C=NC=C(N32)OCC4(C5=CC=CC=C5)COC(C)(OC4)C)C=C1)F,7,4.55819
FC1=C(C=C(C=C1)CCOC2=CN=CC3=NN=C(C4=C5C(OCO5)=CC=C4)N32)F,7,4.86954
C1(CCOC2=CN=CC3=NN=C(C4=C5C(OCO5)=CC=C4)N32)=CC=CC=C1,7,4.81567
COC1=C(C2=NN=C3C=NC=C(OCCC4=CC=CC=C4)N32)C(OC)=CC=C1,7,5.32004
COC1=C(C2=NN=C3C(O)=NC=CN32)C(OC)=CC=C1,7.55273,4.59096
COC1=C(C2=NN=C3C=NC=C(OCCC4=CC=CC=C4)N32)C(OC)=CC(OC)=C1,7,5.29561
O=[N](=O)C1=C(C=CC=C1)C2=NN=C3C=NC=C(OCCC4=CC=CC=C4)[N]23,7,5.04712
CC(C)(C)C(C=C1)=CC=C1C2=NN=C(N32)C=NC=C3OCCC4=CC=CC=C4,7,4.63161
CC(C)(C)C1=CC(C2=NN=C(N32)C=NC=C3OCCC4=CC=CC=C4)=CC(C(C)(C)C)=C1,7,4.70766
C12=NN=C(C3=C4C=CC=CC4=CC5=C3C=CC=C5)N1C=CN=C2OCCC6=CC=CC=C6,7,4.97525
C12=NN=C(C3=C4C=CC=CC4=CC5=C3C=CC=C5)N1C(OCCC6=CC=CC=C6)=CN=C2,7,5.26751
COC1=C(C2=NN=C3C(O)=NC=CN32)C(OC)=CC(OC)=C1,7.20346,4.76785
